Year,ISO,Countries,Econ_Freedom_Index
1970,ALB,Albania,
1975,ALB,Albania,
1980,ALB,Albania,
1985,ALB,Albania,
1990,ALB,Albania,4.66
1995,ALB,Albania,5.22
2000,ALB,Albania,6.39
2001,ALB,Albania,6.46
2002,ALB,Albania,6.64
2003,ALB,Albania,7.18
2004,ALB,Albania,7.09
2005,ALB,Albania,7.13
2006,ALB,Albania,7.28
2007,ALB,Albania,7.31
2008,ALB,Albania,7.27
2009,ALB,Albania,7.27
2010,ALB,Albania,7.40
2011,ALB,Albania,7.51
2012,ALB,Albania,7.47
2013,ALB,Albania,7.55
2014,ALB,Albania,7.65
2015,ALB,Albania,7.70
2016,ALB,Albania,7.69
2017,ALB,Albania,7.70
2018,ALB,Albania,7.80
1970,DZA,Algeria,2.63
1975,DZA,Algeria,2.84
1980,DZA,Algeria,2.84
1985,DZA,Algeria,2.68
1990,DZA,Algeria,3.08
1995,DZA,Algeria,3.72
2000,DZA,Algeria,4.77
2001,DZA,Algeria,4.82
2002,DZA,Algeria,4.83
2003,DZA,Algeria,4.96
2004,DZA,Algeria,5.04
2005,DZA,Algeria,5.31
2006,DZA,Algeria,5.46
2007,DZA,Algeria,5.36
2008,DZA,Algeria,5.25
2009,DZA,Algeria,5.22
2010,DZA,Algeria,5.16
2011,DZA,Algeria,5.02
2012,DZA,Algeria,4.95
2013,DZA,Algeria,5.16
2014,DZA,Algeria,5.08
2015,DZA,Algeria,4.94
2016,DZA,Algeria,5.26
2017,DZA,Algeria,4.98
2018,DZA,Algeria,4.97
1970,AGO,Angola,
1975,AGO,Angola,
1980,AGO,Angola,
1985,AGO,Angola,
1990,AGO,Angola,
1995,AGO,Angola,
2000,AGO,Angola,
2001,AGO,Angola,
2002,AGO,Angola,
2003,AGO,Angola,
2004,AGO,Angola,
2005,AGO,Angola,4.36
2006,AGO,Angola,4.80
2007,AGO,Angola,4.87
2008,AGO,Angola,4.89
2009,AGO,Angola,5.32
2010,AGO,Angola,5.39
2011,AGO,Angola,5.25
2012,AGO,Angola,5.45
2013,AGO,Angola,5.11
2014,AGO,Angola,5.02
2015,AGO,Angola,5.64
2016,AGO,Angola,5.39
2017,AGO,Angola,4.86
2018,AGO,Angola,4.75
1970,ARG,Argentina,
1975,ARG,Argentina,3.26
1980,ARG,Argentina,4.22
1985,ARG,Argentina,3.40
1990,ARG,Argentina,4.39
1995,ARG,Argentina,6.94
2000,ARG,Argentina,7.25
2001,ARG,Argentina,6.84
2002,ARG,Argentina,6.33
2003,ARG,Argentina,6.24
2004,ARG,Argentina,6.34
2005,ARG,Argentina,6.08
2006,ARG,Argentina,6.13
2007,ARG,Argentina,6.31
2008,ARG,Argentina,6.22
2009,ARG,Argentina,6.02
2010,ARG,Argentina,5.82
2011,ARG,Argentina,5.85
2012,ARG,Argentina,5.33
2013,ARG,Argentina,5.14
2014,ARG,Argentina,4.69
2015,ARG,Argentina,5.17
2016,ARG,Argentina,5.55
2017,ARG,Argentina,5.98
2018,ARG,Argentina,5.78
1970,ARM,Armenia,
1975,ARM,Armenia,
1980,ARM,Armenia,
1985,ARM,Armenia,
1990,ARM,Armenia,
1995,ARM,Armenia,
2000,ARM,Armenia,
2001,ARM,Armenia,
2002,ARM,Armenia,
2003,ARM,Armenia,
2004,ARM,Armenia,7.62
2005,ARM,Armenia,7.58
2006,ARM,Armenia,7.71
2007,ARM,Armenia,7.70
2008,ARM,Armenia,7.69
2009,ARM,Armenia,7.68
2010,ARM,Armenia,7.69
2011,ARM,Armenia,7.72
2012,ARM,Armenia,7.78
2013,ARM,Armenia,7.85
2014,ARM,Armenia,7.87
2015,ARM,Armenia,7.80
2016,ARM,Armenia,7.73
2017,ARM,Armenia,7.85
2018,ARM,Armenia,7.92
1970,AUS,Australia,7.68
1975,AUS,Australia,7.34
1980,AUS,Australia,7.56
1985,AUS,Australia,7.93
1990,AUS,Australia,8.09
1995,AUS,Australia,8.16
2000,AUS,Australia,8.02
2001,AUS,Australia,7.95
2002,AUS,Australia,7.98
2003,AUS,Australia,8.00
2004,AUS,Australia,7.97
2005,AUS,Australia,8.10
2006,AUS,Australia,8.17
2007,AUS,Australia,8.21
2008,AUS,Australia,8.15
2009,AUS,Australia,8.14
2010,AUS,Australia,8.10
2011,AUS,Australia,8.10
2012,AUS,Australia,8.09
2013,AUS,Australia,8.02
2014,AUS,Australia,8.11
2015,AUS,Australia,8.10
2016,AUS,Australia,8.16
2017,AUS,Australia,8.18
2018,AUS,Australia,8.23
1970,AUT,Austria,6.14
1975,AUT,Austria,6.76
1980,AUT,Austria,6.88
1985,AUT,Austria,7.05
1990,AUT,Austria,7.58
1995,AUT,Austria,7.66
2000,AUT,Austria,7.97
2001,AUT,Austria,7.87
2002,AUT,Austria,7.90
2003,AUT,Austria,8.00
2004,AUT,Austria,7.96
2005,AUT,Austria,7.87
2006,AUT,Austria,7.87
2007,AUT,Austria,7.87
2008,AUT,Austria,7.79
2009,AUT,Austria,7.76
2010,AUT,Austria,7.77
2011,AUT,Austria,7.80
2012,AUT,Austria,7.78
2013,AUT,Austria,7.79
2014,AUT,Austria,7.84
2015,AUT,Austria,7.81
2016,AUT,Austria,7.76
2017,AUT,Austria,7.75
2018,AUT,Austria,7.80
1970,AZE,Azerbaijan,
1975,AZE,Azerbaijan,
1980,AZE,Azerbaijan,
1985,AZE,Azerbaijan,
1990,AZE,Azerbaijan,
1995,AZE,Azerbaijan,
2000,AZE,Azerbaijan,
2001,AZE,Azerbaijan,
2002,AZE,Azerbaijan,
2003,AZE,Azerbaijan,
2004,AZE,Azerbaijan,6.27
2005,AZE,Azerbaijan,6.14
2006,AZE,Azerbaijan,6.09
2007,AZE,Azerbaijan,5.88
2008,AZE,Azerbaijan,5.98
2009,AZE,Azerbaijan,5.93
2010,AZE,Azerbaijan,5.82
2011,AZE,Azerbaijan,5.97
2012,AZE,Azerbaijan,6.13
2013,AZE,Azerbaijan,6.07
2014,AZE,Azerbaijan,6.21
2015,AZE,Azerbaijan,6.24
2016,AZE,Azerbaijan,6.34
2017,AZE,Azerbaijan,6.23
2018,AZE,Azerbaijan,6.37
1970,BHS,"Bahamas, The",
1975,BHS,"Bahamas, The",7.14
1980,BHS,"Bahamas, The",7.04
1985,BHS,"Bahamas, The",7.14
1990,BHS,"Bahamas, The",7.28
1995,BHS,"Bahamas, The",7.41
2000,BHS,"Bahamas, The",7.24
2001,BHS,"Bahamas, The",7.38
2002,BHS,"Bahamas, The",7.40
2003,BHS,"Bahamas, The",7.44
2004,BHS,"Bahamas, The",7.49
2005,BHS,"Bahamas, The",7.45
2006,BHS,"Bahamas, The",7.51
2007,BHS,"Bahamas, The",7.56
2008,BHS,"Bahamas, The",7.59
2009,BHS,"Bahamas, The",7.47
2010,BHS,"Bahamas, The",7.42
2011,BHS,"Bahamas, The",7.34
2012,BHS,"Bahamas, The",7.34
2013,BHS,"Bahamas, The",7.40
2014,BHS,"Bahamas, The",7.39
2015,BHS,"Bahamas, The",7.44
2016,BHS,"Bahamas, The",7.39
2017,BHS,"Bahamas, The",7.31
2018,BHS,"Bahamas, The",7.62
1970,BHR,Bahrain,
1975,BHR,Bahrain,
1980,BHR,Bahrain,5.80
1985,BHR,Bahrain,5.96
1990,BHR,Bahrain,6.17
1995,BHR,Bahrain,6.83
2000,BHR,Bahrain,7.20
2001,BHR,Bahrain,7.06
2002,BHR,Bahrain,7.02
2003,BHR,Bahrain,7.10
2004,BHR,Bahrain,7.09
2005,BHR,Bahrain,7.14
2006,BHR,Bahrain,7.20
2007,BHR,Bahrain,7.41
2008,BHR,Bahrain,7.35
2009,BHR,Bahrain,7.14
2010,BHR,Bahrain,7.18
2011,BHR,Bahrain,7.29
2012,BHR,Bahrain,7.14
2013,BHR,Bahrain,7.18
2014,BHR,Bahrain,7.22
2015,BHR,Bahrain,7.23
2016,BHR,Bahrain,7.13
2017,BHR,Bahrain,7.18
2018,BHR,Bahrain,7.16
1970,BGD,Bangladesh,
1975,BGD,Bangladesh,3.86
1980,BGD,Bangladesh,3.34
1985,BGD,Bangladesh,3.75
1990,BGD,Bangladesh,4.27
1995,BGD,Bangladesh,4.93
2000,BGD,Bangladesh,5.91
2001,BGD,Bangladesh,5.82
2002,BGD,Bangladesh,5.87
2003,BGD,Bangladesh,5.86
2004,BGD,Bangladesh,5.75
2005,BGD,Bangladesh,5.94
2006,BGD,Bangladesh,6.03
2007,BGD,Bangladesh,6.01
2008,BGD,Bangladesh,6.05
2009,BGD,Bangladesh,6.22
2010,BGD,Bangladesh,6.20
2011,BGD,Bangladesh,6.16
2012,BGD,Bangladesh,6.16
2013,BGD,Bangladesh,6.31
2014,BGD,Bangladesh,6.20
2015,BGD,Bangladesh,6.18
2016,BGD,Bangladesh,6.13
2017,BGD,Bangladesh,6.07
2018,BGD,Bangladesh,6.04
1970,BRB,Barbados,
1975,BRB,Barbados,5.88
1980,BRB,Barbados,5.86
1985,BRB,Barbados,6.08
1990,BRB,Barbados,6.29
1995,BRB,Barbados,6.61
2000,BRB,Barbados,6.48
2001,BRB,Barbados,6.41
2002,BRB,Barbados,6.47
2003,BRB,Barbados,6.32
2004,BRB,Barbados,6.43
2005,BRB,Barbados,6.38
2006,BRB,Barbados,6.17
2007,BRB,Barbados,6.14
2008,BRB,Barbados,6.16
2009,BRB,Barbados,6.30
2010,BRB,Barbados,6.34
2011,BRB,Barbados,6.64
2012,BRB,Barbados,6.32
2013,BRB,Barbados,6.70
2014,BRB,Barbados,6.46
2015,BRB,Barbados,6.36
2016,BRB,Barbados,6.30
2017,BRB,Barbados,6.33
2018,BRB,Barbados,6.22
1970,BLR,Belarus,
1975,BLR,Belarus,
1980,BLR,Belarus,
1985,BLR,Belarus,
1990,BLR,Belarus,
1995,BLR,Belarus,
2000,BLR,Belarus,
2001,BLR,Belarus,
2002,BLR,Belarus,
2003,BLR,Belarus,
2004,BLR,Belarus,
2005,BLR,Belarus,
2006,BLR,Belarus,
2007,BLR,Belarus,
2008,BLR,Belarus,
2009,BLR,Belarus,
2010,BLR,Belarus,
2011,BLR,Belarus,
2012,BLR,Belarus,
2013,BLR,Belarus,
2014,BLR,Belarus,
2015,BLR,Belarus,
2016,BLR,Belarus,5.90
2017,BLR,Belarus,6.38
2018,BLR,Belarus,6.35
1970,BEL,Belgium,7.69
1975,BEL,Belgium,7.32
1980,BEL,Belgium,7.60
1985,BEL,Belgium,7.51
1990,BEL,Belgium,7.81
1995,BEL,Belgium,7.82
2000,BEL,Belgium,7.79
2001,BEL,Belgium,7.54
2002,BEL,Belgium,7.73
2003,BEL,Belgium,7.73
2004,BEL,Belgium,7.69
2005,BEL,Belgium,7.61
2006,BEL,Belgium,7.57
2007,BEL,Belgium,7.60
2008,BEL,Belgium,7.56
2009,BEL,Belgium,7.52
2010,BEL,Belgium,7.63
2011,BEL,Belgium,7.58
2012,BEL,Belgium,7.55
2013,BEL,Belgium,7.58
2014,BEL,Belgium,7.80
2015,BEL,Belgium,7.63
2016,BEL,Belgium,7.54
2017,BEL,Belgium,7.53
2018,BEL,Belgium,7.56
1970,BLZ,Belize,
1975,BLZ,Belize,
1980,BLZ,Belize,6.12
1985,BLZ,Belize,5.70
1990,BLZ,Belize,6.30
1995,BLZ,Belize,6.82
2000,BLZ,Belize,6.22
2001,BLZ,Belize,6.03
2002,BLZ,Belize,6.38
2003,BLZ,Belize,6.42
2004,BLZ,Belize,6.68
2005,BLZ,Belize,7.05
2006,BLZ,Belize,7.00
2007,BLZ,Belize,7.03
2008,BLZ,Belize,7.10
2009,BLZ,Belize,6.85
2010,BLZ,Belize,6.59
2011,BLZ,Belize,6.80
2012,BLZ,Belize,6.80
2013,BLZ,Belize,6.82
2014,BLZ,Belize,6.71
2015,BLZ,Belize,6.74
2016,BLZ,Belize,6.78
2017,BLZ,Belize,6.58
2018,BLZ,Belize,6.60
1970,BEN,Benin,
1975,BEN,Benin,4.98
1980,BEN,Benin,4.67
1985,BEN,Benin,4.55
1990,BEN,Benin,5.56
1995,BEN,Benin,4.89
2000,BEN,Benin,5.66
2001,BEN,Benin,5.66
2002,BEN,Benin,5.95
2003,BEN,Benin,6.02
2004,BEN,Benin,5.90
2005,BEN,Benin,5.90
2006,BEN,Benin,6.03
2007,BEN,Benin,6.17
2008,BEN,Benin,6.06
2009,BEN,Benin,6.19
2010,BEN,Benin,6.03
2011,BEN,Benin,5.98
2012,BEN,Benin,5.89
2013,BEN,Benin,6.18
2014,BEN,Benin,6.11
2015,BEN,Benin,5.75
2016,BEN,Benin,6.06
2017,BEN,Benin,6.25
2018,BEN,Benin,6.20
1970,BTN,Bhutan,
1975,BTN,Bhutan,
1980,BTN,Bhutan,
1985,BTN,Bhutan,
1990,BTN,Bhutan,
1995,BTN,Bhutan,
2000,BTN,Bhutan,
2001,BTN,Bhutan,
2002,BTN,Bhutan,
2003,BTN,Bhutan,
2004,BTN,Bhutan,
2005,BTN,Bhutan,
2006,BTN,Bhutan,
2007,BTN,Bhutan,
2008,BTN,Bhutan,
2009,BTN,Bhutan,
2010,BTN,Bhutan,
2011,BTN,Bhutan,
2012,BTN,Bhutan,
2013,BTN,Bhutan,6.66
2014,BTN,Bhutan,6.68
2015,BTN,Bhutan,6.88
2016,BTN,Bhutan,6.81
2017,BTN,Bhutan,6.64
2018,BTN,Bhutan,6.63
1970,BOL,Bolivia,5.15
1975,BOL,Bolivia,4.67
1980,BOL,Bolivia,4.44
1985,BOL,Bolivia,4.01
1990,BOL,Bolivia,5.64
1995,BOL,Bolivia,6.33
2000,BOL,Bolivia,6.98
2001,BOL,Bolivia,6.84
2002,BOL,Bolivia,6.75
2003,BOL,Bolivia,6.66
2004,BOL,Bolivia,6.58
2005,BOL,Bolivia,6.52
2006,BOL,Bolivia,6.43
2007,BOL,Bolivia,6.24
2008,BOL,Bolivia,6.19
2009,BOL,Bolivia,6.39
2010,BOL,Bolivia,6.37
2011,BOL,Bolivia,6.31
2012,BOL,Bolivia,6.38
2013,BOL,Bolivia,6.39
2014,BOL,Bolivia,6.24
2015,BOL,Bolivia,6.10
2016,BOL,Bolivia,6.27
2017,BOL,Bolivia,6.27
2018,BOL,Bolivia,6.30
1970,BIH,Bosnia and Herzegovina,
1975,BIH,Bosnia and Herzegovina,
1980,BIH,Bosnia and Herzegovina,
1985,BIH,Bosnia and Herzegovina,
1990,BIH,Bosnia and Herzegovina,
1995,BIH,Bosnia and Herzegovina,
2000,BIH,Bosnia and Herzegovina,
2001,BIH,Bosnia and Herzegovina,
2002,BIH,Bosnia and Herzegovina,
2003,BIH,Bosnia and Herzegovina,
2004,BIH,Bosnia and Herzegovina,
2005,BIH,Bosnia and Herzegovina,6.49
2006,BIH,Bosnia and Herzegovina,6.59
2007,BIH,Bosnia and Herzegovina,6.76
2008,BIH,Bosnia and Herzegovina,6.77
2009,BIH,Bosnia and Herzegovina,6.74
2010,BIH,Bosnia and Herzegovina,6.74
2011,BIH,Bosnia and Herzegovina,7.00
2012,BIH,Bosnia and Herzegovina,6.94
2013,BIH,Bosnia and Herzegovina,6.89
2014,BIH,Bosnia and Herzegovina,6.96
2015,BIH,Bosnia and Herzegovina,6.91
2016,BIH,Bosnia and Herzegovina,6.88
2017,BIH,Bosnia and Herzegovina,6.89
2018,BIH,Bosnia and Herzegovina,6.90
1970,BWA,Botswana,
1975,BWA,Botswana,5.85
1980,BWA,Botswana,5.97
1985,BWA,Botswana,5.62
1990,BWA,Botswana,6.14
1995,BWA,Botswana,6.38
2000,BWA,Botswana,7.28
2001,BWA,Botswana,7.22
2002,BWA,Botswana,7.20
2003,BWA,Botswana,7.15
2004,BWA,Botswana,7.25
2005,BWA,Botswana,7.14
2006,BWA,Botswana,7.11
2007,BWA,Botswana,7.20
2008,BWA,Botswana,6.95
2009,BWA,Botswana,6.80
2010,BWA,Botswana,7.03
2011,BWA,Botswana,7.24
2012,BWA,Botswana,7.33
2013,BWA,Botswana,7.39
2014,BWA,Botswana,7.43
2015,BWA,Botswana,7.47
2016,BWA,Botswana,7.50
2017,BWA,Botswana,7.55
2018,BWA,Botswana,7.60
1970,BRA,Brazil,4.56
1975,BRA,Brazil,3.74
1980,BRA,Brazil,3.61
1985,BRA,Brazil,3.13
1990,BRA,Brazil,4.43
1995,BRA,Brazil,4.69
2000,BRA,Brazil,6.00
2001,BRA,Brazil,6.04
2002,BRA,Brazil,6.35
2003,BRA,Brazil,6.16
2004,BRA,Brazil,6.30
2005,BRA,Brazil,6.38
2006,BRA,Brazil,6.39
2007,BRA,Brazil,6.36
2008,BRA,Brazil,6.50
2009,BRA,Brazil,6.49
2010,BRA,Brazil,6.66
2011,BRA,Brazil,6.68
2012,BRA,Brazil,6.63
2013,BRA,Brazil,6.50
2014,BRA,Brazil,6.40
2015,BRA,Brazil,6.20
2016,BRA,Brazil,6.45
2017,BRA,Brazil,6.54
2018,BRA,Brazil,6.56
1970,BRN,Brunei Darussalam,
1975,BRN,Brunei Darussalam,
1980,BRN,Brunei Darussalam,
1985,BRN,Brunei Darussalam,
1990,BRN,Brunei Darussalam,
1995,BRN,Brunei Darussalam,
2000,BRN,Brunei Darussalam,
2001,BRN,Brunei Darussalam,
2002,BRN,Brunei Darussalam,
2003,BRN,Brunei Darussalam,
2004,BRN,Brunei Darussalam,
2005,BRN,Brunei Darussalam,
2006,BRN,Brunei Darussalam,
2007,BRN,Brunei Darussalam,
2008,BRN,Brunei Darussalam,
2009,BRN,Brunei Darussalam,
2010,BRN,Brunei Darussalam,6.99
2011,BRN,Brunei Darussalam,6.83
2012,BRN,Brunei Darussalam,6.98
2013,BRN,Brunei Darussalam,6.81
2014,BRN,Brunei Darussalam,6.94
2015,BRN,Brunei Darussalam,6.83
2016,BRN,Brunei Darussalam,6.98
2017,BRN,Brunei Darussalam,6.69
2018,BRN,Brunei Darussalam,6.60
1970,BGR,Bulgaria,
1975,BGR,Bulgaria,
1980,BGR,Bulgaria,
1985,BGR,Bulgaria,4.55
1990,BGR,Bulgaria,4.42
1995,BGR,Bulgaria,4.86
2000,BGR,Bulgaria,5.80
2001,BGR,Bulgaria,6.42
2002,BGR,Bulgaria,6.88
2003,BGR,Bulgaria,7.10
2004,BGR,Bulgaria,7.05
2005,BGR,Bulgaria,7.17
2006,BGR,Bulgaria,7.40
2007,BGR,Bulgaria,7.46
2008,BGR,Bulgaria,7.51
2009,BGR,Bulgaria,7.63
2010,BGR,Bulgaria,7.68
2011,BGR,Bulgaria,7.60
2012,BGR,Bulgaria,7.65
2013,BGR,Bulgaria,7.59
2014,BGR,Bulgaria,7.58
2015,BGR,Bulgaria,7.52
2016,BGR,Bulgaria,7.60
2017,BGR,Bulgaria,7.76
2018,BGR,Bulgaria,7.74
1970,BFA,Burkina Faso,
1975,BFA,Burkina Faso,
1980,BFA,Burkina Faso,
1985,BFA,Burkina Faso,
1990,BFA,Burkina Faso,
1995,BFA,Burkina Faso,
2000,BFA,Burkina Faso,
2001,BFA,Burkina Faso,
2002,BFA,Burkina Faso,
2003,BFA,Burkina Faso,
2004,BFA,Burkina Faso,
2005,BFA,Burkina Faso,5.73
2006,BFA,Burkina Faso,5.74
2007,BFA,Burkina Faso,6.01
2008,BFA,Burkina Faso,5.98
2009,BFA,Burkina Faso,5.94
2010,BFA,Burkina Faso,5.84
2011,BFA,Burkina Faso,5.86
2012,BFA,Burkina Faso,5.72
2013,BFA,Burkina Faso,5.91
2014,BFA,Burkina Faso,5.94
2015,BFA,Burkina Faso,5.95
2016,BFA,Burkina Faso,6.07
2017,BFA,Burkina Faso,5.98
2018,BFA,Burkina Faso,5.85
1970,BDI,Burundi,
1975,BDI,Burundi,4.23
1980,BDI,Burundi,3.69
1985,BDI,Burundi,4.39
1990,BDI,Burundi,4.74
1995,BDI,Burundi,4.12
2000,BDI,Burundi,5.15
2001,BDI,Burundi,5.42
2002,BDI,Burundi,5.27
2003,BDI,Burundi,4.99
2004,BDI,Burundi,5.04
2005,BDI,Burundi,5.41
2006,BDI,Burundi,5.55
2007,BDI,Burundi,5.52
2008,BDI,Burundi,5.08
2009,BDI,Burundi,5.42
2010,BDI,Burundi,5.24
2011,BDI,Burundi,5.52
2012,BDI,Burundi,5.51
2013,BDI,Burundi,6.03
2014,BDI,Burundi,6.05
2015,BDI,Burundi,6.09
2016,BDI,Burundi,6.21
2017,BDI,Burundi,6.02
2018,BDI,Burundi,5.94
1970,CPV,Cabo Verde,
1975,CPV,Cabo Verde,
1980,CPV,Cabo Verde,
1985,CPV,Cabo Verde,
1990,CPV,Cabo Verde,
1995,CPV,Cabo Verde,
2000,CPV,Cabo Verde,
2001,CPV,Cabo Verde,
2002,CPV,Cabo Verde,
2003,CPV,Cabo Verde,
2004,CPV,Cabo Verde,
2005,CPV,Cabo Verde,
2006,CPV,Cabo Verde,
2007,CPV,Cabo Verde,
2008,CPV,Cabo Verde,
2009,CPV,Cabo Verde,
2010,CPV,Cabo Verde,6.46
2011,CPV,Cabo Verde,6.62
2012,CPV,Cabo Verde,6.72
2013,CPV,Cabo Verde,6.77
2014,CPV,Cabo Verde,7.06
2015,CPV,Cabo Verde,7.18
2016,CPV,Cabo Verde,7.21
2017,CPV,Cabo Verde,7.34
2018,CPV,Cabo Verde,7.41
1970,KHM,Cambodia,
1975,KHM,Cambodia,
1980,KHM,Cambodia,
1985,KHM,Cambodia,
1990,KHM,Cambodia,
1995,KHM,Cambodia,
2000,KHM,Cambodia,
2001,KHM,Cambodia,
2002,KHM,Cambodia,
2003,KHM,Cambodia,
2004,KHM,Cambodia,
2005,KHM,Cambodia,
2006,KHM,Cambodia,
2007,KHM,Cambodia,
2008,KHM,Cambodia,
2009,KHM,Cambodia,
2010,KHM,Cambodia,6.91
2011,KHM,Cambodia,6.75
2012,KHM,Cambodia,7.01
2013,KHM,Cambodia,7.23
2014,KHM,Cambodia,7.20
2015,KHM,Cambodia,7.19
2016,KHM,Cambodia,7.22
2017,KHM,Cambodia,7.24
2018,KHM,Cambodia,7.28
1970,CMR,Cameroon,
1975,CMR,Cameroon,4.41
1980,CMR,Cameroon,4.51
1985,CMR,Cameroon,4.73
1990,CMR,Cameroon,4.96
1995,CMR,Cameroon,5.08
2000,CMR,Cameroon,5.40
2001,CMR,Cameroon,5.50
2002,CMR,Cameroon,5.54
2003,CMR,Cameroon,5.61
2004,CMR,Cameroon,5.67
2005,CMR,Cameroon,5.69
2006,CMR,Cameroon,5.73
2007,CMR,Cameroon,5.66
2008,CMR,Cameroon,5.58
2009,CMR,Cameroon,5.83
2010,CMR,Cameroon,6.03
2011,CMR,Cameroon,5.98
2012,CMR,Cameroon,5.98
2013,CMR,Cameroon,5.86
2014,CMR,Cameroon,5.84
2015,CMR,Cameroon,5.71
2016,CMR,Cameroon,5.78
2017,CMR,Cameroon,5.83
2018,CMR,Cameroon,5.87
1970,CAN,Canada,8.29
1975,CAN,Canada,8.00
1980,CAN,Canada,8.17
1985,CAN,Canada,8.12
1990,CAN,Canada,8.27
1995,CAN,Canada,8.02
2000,CAN,Canada,8.21
2001,CAN,Canada,8.15
2002,CAN,Canada,8.24
2003,CAN,Canada,8.26
2004,CAN,Canada,8.29
2005,CAN,Canada,8.26
2006,CAN,Canada,8.27
2007,CAN,Canada,8.23
2008,CAN,Canada,8.21
2009,CAN,Canada,8.18
2010,CAN,Canada,8.18
2011,CAN,Canada,8.08
2012,CAN,Canada,8.18
2013,CAN,Canada,8.23
2014,CAN,Canada,8.33
2015,CAN,Canada,8.19
2016,CAN,Canada,8.24
2017,CAN,Canada,8.26
2018,CAN,Canada,8.17
1970,CAF,Central African Republic,
1975,CAF,Central African Republic,
1980,CAF,Central African Republic,
1985,CAF,Central African Republic,4.89
1990,CAF,Central African Republic,5.11
1995,CAF,Central African Republic,4.73
2000,CAF,Central African Republic,5.11
2001,CAF,Central African Republic,5.27
2002,CAF,Central African Republic,5.21
2003,CAF,Central African Republic,5.28
2004,CAF,Central African Republic,5.27
2005,CAF,Central African Republic,5.28
2006,CAF,Central African Republic,5.34
2007,CAF,Central African Republic,5.49
2008,CAF,Central African Republic,5.44
2009,CAF,Central African Republic,5.42
2010,CAF,Central African Republic,5.31
2011,CAF,Central African Republic,5.37
2012,CAF,Central African Republic,5.27
2013,CAF,Central African Republic,5.66
2014,CAF,Central African Republic,4.89
2015,CAF,Central African Republic,4.78
2016,CAF,Central African Republic,5.22
2017,CAF,Central African Republic,5.15
2018,CAF,Central African Republic,5.27
1970,TCD,Chad,
1975,TCD,Chad,
1980,TCD,Chad,
1985,TCD,Chad,
1990,TCD,Chad,4.66
1995,TCD,Chad,4.70
2000,TCD,Chad,5.49
2001,TCD,Chad,5.43
2002,TCD,Chad,5.58
2003,TCD,Chad,5.49
2004,TCD,Chad,5.33
2005,TCD,Chad,5.25
2006,TCD,Chad,5.33
2007,TCD,Chad,5.26
2008,TCD,Chad,5.22
2009,TCD,Chad,5.18
2010,TCD,Chad,5.34
2011,TCD,Chad,5.25
2012,TCD,Chad,5.04
2013,TCD,Chad,5.25
2014,TCD,Chad,5.25
2015,TCD,Chad,5.33
2016,TCD,Chad,5.44
2017,TCD,Chad,5.54
2018,TCD,Chad,5.71
1970,CHL,Chile,5.40
1975,CHL,Chile,4.56
1980,CHL,Chile,5.68
1985,CHL,Chile,6.05
1990,CHL,Chile,6.94
1995,CHL,Chile,7.60
2000,CHL,Chile,7.51
2001,CHL,Chile,7.65
2002,CHL,Chile,7.70
2003,CHL,Chile,7.84
2004,CHL,Chile,7.81
2005,CHL,Chile,7.85
2006,CHL,Chile,7.87
2007,CHL,Chile,7.97
2008,CHL,Chile,7.89
2009,CHL,Chile,7.90
2010,CHL,Chile,7.94
2011,CHL,Chile,7.95
2012,CHL,Chile,7.86
2013,CHL,Chile,7.96
2014,CHL,Chile,7.94
2015,CHL,Chile,7.92
2016,CHL,Chile,7.92
2017,CHL,Chile,7.92
2018,CHL,Chile,7.96
1970,CHN,China,
1975,CHN,China,
1980,CHN,China,3.79
1985,CHN,China,4.42
1990,CHN,China,4.12
1995,CHN,China,5.10
2000,CHN,China,5.67
2001,CHN,China,5.75
2002,CHN,China,5.74
2003,CHN,China,5.79
2004,CHN,China,5.68
2005,CHN,China,5.85
2006,CHN,China,5.93
2007,CHN,China,6.04
2008,CHN,China,6.04
2009,CHN,China,6.07
2010,CHN,China,6.04
2011,CHN,China,6.07
2012,CHN,China,6.15
2013,CHN,China,6.19
2014,CHN,China,6.20
2015,CHN,China,6.22
2016,CHN,China,6.25
2017,CHN,China,6.26
2018,CHN,China,6.21
1970,COL,Colombia,6.46
1975,COL,Colombia,5.67
1980,COL,Colombia,5.42
1985,COL,Colombia,5.82
1990,COL,Colombia,5.68
1995,COL,Colombia,6.26
2000,COL,Colombia,6.02
2001,COL,Colombia,6.18
2002,COL,Colombia,6.30
2003,COL,Colombia,6.36
2004,COL,Colombia,6.47
2005,COL,Colombia,6.48
2006,COL,Colombia,6.52
2007,COL,Colombia,6.58
2008,COL,Colombia,6.67
2009,COL,Colombia,6.68
2010,COL,Colombia,6.72
2011,COL,Colombia,6.77
2012,COL,Colombia,6.85
2013,COL,Colombia,6.78
2014,COL,Colombia,6.63
2015,COL,Colombia,6.62
2016,COL,Colombia,6.68
2017,COL,Colombia,6.68
2018,COL,Colombia,6.71
1970,COD,"Congo, Dem. Rep.",3.62
1975,COD,"Congo, Dem. Rep.",2.76
1980,COD,"Congo, Dem. Rep.",2.32
1985,COD,"Congo, Dem. Rep.",3.04
1990,COD,"Congo, Dem. Rep.",2.57
1995,COD,"Congo, Dem. Rep.",3.19
2000,COD,"Congo, Dem. Rep.",3.65
2001,COD,"Congo, Dem. Rep.",3.62
2002,COD,"Congo, Dem. Rep.",4.28
2003,COD,"Congo, Dem. Rep.",4.65
2004,COD,"Congo, Dem. Rep.",4.65
2005,COD,"Congo, Dem. Rep.",4.66
2006,COD,"Congo, Dem. Rep.",5.17
2007,COD,"Congo, Dem. Rep.",5.21
2008,COD,"Congo, Dem. Rep.",5.23
2009,COD,"Congo, Dem. Rep.",5.51
2010,COD,"Congo, Dem. Rep.",5.55
2011,COD,"Congo, Dem. Rep.",5.60
2012,COD,"Congo, Dem. Rep.",5.65
2013,COD,"Congo, Dem. Rep.",5.58
2014,COD,"Congo, Dem. Rep.",5.43
2015,COD,"Congo, Dem. Rep.",5.60
2016,COD,"Congo, Dem. Rep.",5.76
2017,COD,"Congo, Dem. Rep.",4.99
2018,COD,"Congo, Dem. Rep.",5.15
1970,COG,"Congo, Rep.",
1975,COG,"Congo, Rep.",
1980,COG,"Congo, Rep.",
1985,COG,"Congo, Rep.",3.44
1990,COG,"Congo, Rep.",4.74
1995,COG,"Congo, Rep.",5.13
2000,COG,"Congo, Rep.",4.62
2001,COG,"Congo, Rep.",4.86
2002,COG,"Congo, Rep.",4.71
2003,COG,"Congo, Rep.",4.91
2004,COG,"Congo, Rep.",4.91
2005,COG,"Congo, Rep.",4.99
2006,COG,"Congo, Rep.",4.95
2007,COG,"Congo, Rep.",4.71
2008,COG,"Congo, Rep.",4.82
2009,COG,"Congo, Rep.",4.80
2010,COG,"Congo, Rep.",4.72
2011,COG,"Congo, Rep.",4.67
2012,COG,"Congo, Rep.",4.62
2013,COG,"Congo, Rep.",4.84
2014,COG,"Congo, Rep.",4.87
2015,COG,"Congo, Rep.",4.83
2016,COG,"Congo, Rep.",4.87
2017,COG,"Congo, Rep.",5.07
2018,COG,"Congo, Rep.",5.03
1970,CRI,Costa Rica,6.68
1975,CRI,Costa Rica,6.09
1980,CRI,Costa Rica,5.59
1985,CRI,Costa Rica,5.38
1990,CRI,Costa Rica,6.93
1995,CRI,Costa Rica,7.27
2000,CRI,Costa Rica,7.61
2001,CRI,Costa Rica,7.52
2002,CRI,Costa Rica,7.47
2003,CRI,Costa Rica,7.59
2004,CRI,Costa Rica,7.44
2005,CRI,Costa Rica,7.58
2006,CRI,Costa Rica,7.76
2007,CRI,Costa Rica,7.59
2008,CRI,Costa Rica,7.44
2009,CRI,Costa Rica,7.44
2010,CRI,Costa Rica,7.40
2011,CRI,Costa Rica,7.74
2012,CRI,Costa Rica,7.70
2013,CRI,Costa Rica,7.63
2014,CRI,Costa Rica,7.59
2015,CRI,Costa Rica,7.70
2016,CRI,Costa Rica,7.69
2017,CRI,Costa Rica,7.65
2018,CRI,Costa Rica,7.62
1970,CIV,Cote d'Ivoire,
1975,CIV,Cote d'Ivoire,5.45
1980,CIV,Cote d'Ivoire,5.07
1985,CIV,Cote d'Ivoire,5.83
1990,CIV,Cote d'Ivoire,5.45
1995,CIV,Cote d'Ivoire,4.79
2000,CIV,Cote d'Ivoire,5.70
2001,CIV,Cote d'Ivoire,5.76
2002,CIV,Cote d'Ivoire,5.54
2003,CIV,Cote d'Ivoire,5.62
2004,CIV,Cote d'Ivoire,5.64
2005,CIV,Cote d'Ivoire,5.80
2006,CIV,Cote d'Ivoire,5.76
2007,CIV,Cote d'Ivoire,5.71
2008,CIV,Cote d'Ivoire,5.66
2009,CIV,Cote d'Ivoire,5.85
2010,CIV,Cote d'Ivoire,5.67
2011,CIV,Cote d'Ivoire,5.63
2012,CIV,Cote d'Ivoire,5.61
2013,CIV,Cote d'Ivoire,5.88
2014,CIV,Cote d'Ivoire,5.88
2015,CIV,Cote d'Ivoire,5.89
2016,CIV,Cote d'Ivoire,5.95
2017,CIV,Cote d'Ivoire,5.96
2018,CIV,Cote d'Ivoire,6.09
1970,HRV,Croatia,
1975,HRV,Croatia,
1980,HRV,Croatia,
1985,HRV,Croatia,
1990,HRV,Croatia,
1995,HRV,Croatia,4.54
2000,HRV,Croatia,6.08
2001,HRV,Croatia,6.26
2002,HRV,Croatia,6.27
2003,HRV,Croatia,6.33
2004,HRV,Croatia,6.40
2005,HRV,Croatia,6.58
2006,HRV,Croatia,6.70
2007,HRV,Croatia,6.72
2008,HRV,Croatia,6.84
2009,HRV,Croatia,6.88
2010,HRV,Croatia,6.96
2011,HRV,Croatia,7.20
2012,HRV,Croatia,7.20
2013,HRV,Croatia,7.09
2014,HRV,Croatia,7.17
2015,HRV,Croatia,7.25
2016,HRV,Croatia,7.20
2017,HRV,Croatia,7.41
2018,HRV,Croatia,7.36
1970,CYP,Cyprus,6.39
1975,CYP,Cyprus,5.80
1980,CYP,Cyprus,5.75
1985,CYP,Cyprus,6.08
1990,CYP,Cyprus,6.23
1995,CYP,Cyprus,6.67
2000,CYP,Cyprus,6.65
2001,CYP,Cyprus,6.70
2002,CYP,Cyprus,7.13
2003,CYP,Cyprus,7.12
2004,CYP,Cyprus,7.73
2005,CYP,Cyprus,7.72
2006,CYP,Cyprus,7.71
2007,CYP,Cyprus,7.84
2008,CYP,Cyprus,7.82
2009,CYP,Cyprus,7.76
2010,CYP,Cyprus,7.81
2011,CYP,Cyprus,7.74
2012,CYP,Cyprus,7.54
2013,CYP,Cyprus,7.14
2014,CYP,Cyprus,7.41
2015,CYP,Cyprus,7.82
2016,CYP,Cyprus,7.83
2017,CYP,Cyprus,7.82
2018,CYP,Cyprus,7.84
1970,CZE,Czech Republic,
1975,CZE,Czech Republic,
1980,CZE,Czech Republic,
1985,CZE,Czech Republic,
1990,CZE,Czech Republic,
1995,CZE,Czech Republic,6.46
2000,CZE,Czech Republic,7.00
2001,CZE,Czech Republic,7.20
2002,CZE,Czech Republic,7.30
2003,CZE,Czech Republic,7.22
2004,CZE,Czech Republic,7.34
2005,CZE,Czech Republic,7.39
2006,CZE,Czech Republic,7.44
2007,CZE,Czech Republic,7.61
2008,CZE,Czech Republic,7.62
2009,CZE,Czech Republic,7.58
2010,CZE,Czech Republic,7.64
2011,CZE,Czech Republic,7.69
2012,CZE,Czech Republic,7.78
2013,CZE,Czech Republic,7.71
2014,CZE,Czech Republic,7.84
2015,CZE,Czech Republic,7.86
2016,CZE,Czech Republic,7.87
2017,CZE,Czech Republic,7.77
2018,CZE,Czech Republic,7.81
1970,DNK,Denmark,7.65
1975,DNK,Denmark,7.10
1980,DNK,Denmark,6.97
1985,DNK,Denmark,7.07
1990,DNK,Denmark,7.77
1995,DNK,Denmark,7.90
2000,DNK,Denmark,8.04
2001,DNK,Denmark,7.89
2002,DNK,Denmark,7.96
2003,DNK,Denmark,8.04
2004,DNK,Denmark,8.05
2005,DNK,Denmark,7.93
2006,DNK,Denmark,8.00
2007,DNK,Denmark,8.01
2008,DNK,Denmark,7.95
2009,DNK,Denmark,7.85
2010,DNK,Denmark,7.93
2011,DNK,Denmark,7.93
2012,DNK,Denmark,7.89
2013,DNK,Denmark,7.98
2014,DNK,Denmark,8.02
2015,DNK,Denmark,7.96
2016,DNK,Denmark,8.01
2017,DNK,Denmark,8.05
2018,DNK,Denmark,8.10
1970,DOM,Dominican Republic,4.52
1975,DOM,Dominican Republic,4.04
1980,DOM,Dominican Republic,5.06
1985,DOM,Dominican Republic,4.79
1990,DOM,Dominican Republic,4.07
1995,DOM,Dominican Republic,5.89
2000,DOM,Dominican Republic,6.73
2001,DOM,Dominican Republic,6.92
2002,DOM,Dominican Republic,6.87
2003,DOM,Dominican Republic,6.42
2004,DOM,Dominican Republic,5.94
2005,DOM,Dominican Republic,6.63
2006,DOM,Dominican Republic,6.62
2007,DOM,Dominican Republic,6.76
2008,DOM,Dominican Republic,6.68
2009,DOM,Dominican Republic,7.19
2010,DOM,Dominican Republic,7.42
2011,DOM,Dominican Republic,7.46
2012,DOM,Dominican Republic,7.23
2013,DOM,Dominican Republic,7.48
2014,DOM,Dominican Republic,7.52
2015,DOM,Dominican Republic,7.51
2016,DOM,Dominican Republic,7.48
2017,DOM,Dominican Republic,7.46
2018,DOM,Dominican Republic,7.58
1970,ECU,Ecuador,4.67
1975,ECU,Ecuador,5.06
1980,ECU,Ecuador,5.32
1985,ECU,Ecuador,4.49
1990,ECU,Ecuador,5.07
1995,ECU,Ecuador,6.07
2000,ECU,Ecuador,5.80
2001,ECU,Ecuador,5.78
2002,ECU,Ecuador,6.33
2003,ECU,Ecuador,6.33
2004,ECU,Ecuador,5.98
2005,ECU,Ecuador,6.17
2006,ECU,Ecuador,6.22
2007,ECU,Ecuador,6.15
2008,ECU,Ecuador,6.29
2009,ECU,Ecuador,6.16
2010,ECU,Ecuador,6.20
2011,ECU,Ecuador,6.11
2012,ECU,Ecuador,6.22
2013,ECU,Ecuador,6.13
2014,ECU,Ecuador,5.98
2015,ECU,Ecuador,6.42
2016,ECU,Ecuador,6.29
2017,ECU,Ecuador,6.37
2018,ECU,Ecuador,6.46
1970,EGY,"Egypt, Arab Rep.",
1975,EGY,"Egypt, Arab Rep.",3.77
1980,EGY,"Egypt, Arab Rep.",4.44
1985,EGY,"Egypt, Arab Rep.",4.37
1990,EGY,"Egypt, Arab Rep.",4.62
1995,EGY,"Egypt, Arab Rep.",5.62
2000,EGY,"Egypt, Arab Rep.",6.27
2001,EGY,"Egypt, Arab Rep.",6.19
2002,EGY,"Egypt, Arab Rep.",5.88
2003,EGY,"Egypt, Arab Rep.",5.75
2004,EGY,"Egypt, Arab Rep.",5.89
2005,EGY,"Egypt, Arab Rep.",6.05
2006,EGY,"Egypt, Arab Rep.",6.15
2007,EGY,"Egypt, Arab Rep.",6.32
2008,EGY,"Egypt, Arab Rep.",6.24
2009,EGY,"Egypt, Arab Rep.",6.09
2010,EGY,"Egypt, Arab Rep.",6.18
2011,EGY,"Egypt, Arab Rep.",6.12
2012,EGY,"Egypt, Arab Rep.",6.07
2013,EGY,"Egypt, Arab Rep.",5.74
2014,EGY,"Egypt, Arab Rep.",5.50
2015,EGY,"Egypt, Arab Rep.",5.24
2016,EGY,"Egypt, Arab Rep.",5.12
2017,EGY,"Egypt, Arab Rep.",4.91
2018,EGY,"Egypt, Arab Rep.",5.38
1970,SLV,El Salvador,
1975,SLV,El Salvador,5.17
1980,SLV,El Salvador,4.44
1985,SLV,El Salvador,4.34
1990,SLV,El Salvador,4.99
1995,SLV,El Salvador,7.01
2000,SLV,El Salvador,7.58
2001,SLV,El Salvador,7.57
2002,SLV,El Salvador,7.46
2003,SLV,El Salvador,7.54
2004,SLV,El Salvador,7.60
2005,SLV,El Salvador,7.65
2006,SLV,El Salvador,7.67
2007,SLV,El Salvador,7.78
2008,SLV,El Salvador,7.76
2009,SLV,El Salvador,7.53
2010,SLV,El Salvador,7.47
2011,SLV,El Salvador,7.41
2012,SLV,El Salvador,7.34
2013,SLV,El Salvador,7.35
2014,SLV,El Salvador,7.51
2015,SLV,El Salvador,7.35
2016,SLV,El Salvador,7.38
2017,SLV,El Salvador,7.44
2018,SLV,El Salvador,7.41
1970,EST,Estonia,
1975,EST,Estonia,
1980,EST,Estonia,
1985,EST,Estonia,
1990,EST,Estonia,4.60
1995,EST,Estonia,6.29
2000,EST,Estonia,7.71
2001,EST,Estonia,7.82
2002,EST,Estonia,7.85
2003,EST,Estonia,7.98
2004,EST,Estonia,8.05
2005,EST,Estonia,8.04
2006,EST,Estonia,8.05
2007,EST,Estonia,8.02
2008,EST,Estonia,7.90
2009,EST,Estonia,7.86
2010,EST,Estonia,8.02
2011,EST,Estonia,7.95
2012,EST,Estonia,7.88
2013,EST,Estonia,7.87
2014,EST,Estonia,7.97
2015,EST,Estonia,8.09
2016,EST,Estonia,8.03
2017,EST,Estonia,7.93
2018,EST,Estonia,7.96
1970,SWZ,Eswatini,
1975,SWZ,Eswatini,
1980,SWZ,Eswatini,
1985,SWZ,Eswatini,
1990,SWZ,Eswatini,
1995,SWZ,Eswatini,
2000,SWZ,Eswatini,
2001,SWZ,Eswatini,
2002,SWZ,Eswatini,
2003,SWZ,Eswatini,
2004,SWZ,Eswatini,
2005,SWZ,Eswatini,
2006,SWZ,Eswatini,
2007,SWZ,Eswatini,
2008,SWZ,Eswatini,
2009,SWZ,Eswatini,
2010,SWZ,Eswatini,6.33
2011,SWZ,Eswatini,6.44
2012,SWZ,Eswatini,6.33
2013,SWZ,Eswatini,6.48
2014,SWZ,Eswatini,6.46
2015,SWZ,Eswatini,6.19
2016,SWZ,Eswatini,6.21
2017,SWZ,Eswatini,6.31
2018,SWZ,Eswatini,6.27
1970,ETH,Ethiopia,
1975,ETH,Ethiopia,
1980,ETH,Ethiopia,
1985,ETH,Ethiopia,
1990,ETH,Ethiopia,
1995,ETH,Ethiopia,
2000,ETH,Ethiopia,
2001,ETH,Ethiopia,
2002,ETH,Ethiopia,
2003,ETH,Ethiopia,
2004,ETH,Ethiopia,
2005,ETH,Ethiopia,5.23
2006,ETH,Ethiopia,5.34
2007,ETH,Ethiopia,5.40
2008,ETH,Ethiopia,5.04
2009,ETH,Ethiopia,5.45
2010,ETH,Ethiopia,5.27
2011,ETH,Ethiopia,5.12
2012,ETH,Ethiopia,5.25
2013,ETH,Ethiopia,5.33
2014,ETH,Ethiopia,5.29
2015,ETH,Ethiopia,5.29
2016,ETH,Ethiopia,5.49
2017,ETH,Ethiopia,5.65
2018,ETH,Ethiopia,5.61
1970,FJI,Fiji,6.41
1975,FJI,Fiji,5.95
1980,FJI,Fiji,6.15
1985,FJI,Fiji,6.57
1990,FJI,Fiji,6.17
1995,FJI,Fiji,6.79
2000,FJI,Fiji,7.03
2001,FJI,Fiji,6.93
2002,FJI,Fiji,7.02
2003,FJI,Fiji,7.00
2004,FJI,Fiji,7.12
2005,FJI,Fiji,7.10
2006,FJI,Fiji,6.95
2007,FJI,Fiji,6.85
2008,FJI,Fiji,6.93
2009,FJI,Fiji,6.89
2010,FJI,Fiji,6.77
2011,FJI,Fiji,6.87
2012,FJI,Fiji,6.74
2013,FJI,Fiji,6.51
2014,FJI,Fiji,6.60
2015,FJI,Fiji,6.47
2016,FJI,Fiji,6.44
2017,FJI,Fiji,6.54
2018,FJI,Fiji,6.50
1970,FIN,Finland,7.55
1975,FIN,Finland,7.33
1980,FIN,Finland,7.51
1985,FIN,Finland,7.59
1990,FIN,Finland,7.84
1995,FIN,Finland,7.88
2000,FIN,Finland,8.01
2001,FIN,Finland,7.96
2002,FIN,Finland,7.97
2003,FIN,Finland,7.97
2004,FIN,Finland,7.96
2005,FIN,Finland,7.92
2006,FIN,Finland,7.85
2007,FIN,Finland,7.89
2008,FIN,Finland,7.82
2009,FIN,Finland,7.80
2010,FIN,Finland,7.92
2011,FIN,Finland,7.98
2012,FIN,Finland,7.91
2013,FIN,Finland,7.76
2014,FIN,Finland,7.82
2015,FIN,Finland,7.75
2016,FIN,Finland,7.71
2017,FIN,Finland,7.73
2018,FIN,Finland,7.76
1970,FRA,France,6.55
1975,FRA,France,6.61
1980,FRA,France,6.46
1985,FRA,France,6.41
1990,FRA,France,7.37
1995,FRA,France,7.45
2000,FRA,France,7.59
2001,FRA,France,7.46
2002,FRA,France,7.51
2003,FRA,France,7.50
2004,FRA,France,7.54
2005,FRA,France,7.50
2006,FRA,France,7.51
2007,FRA,France,7.67
2008,FRA,France,7.63
2009,FRA,France,7.55
2010,FRA,France,7.59
2011,FRA,France,7.50
2012,FRA,France,7.47
2013,FRA,France,7.45
2014,FRA,France,7.57
2015,FRA,France,7.54
2016,FRA,France,7.46
2017,FRA,France,7.44
2018,FRA,France,7.40
1970,GAB,Gabon,5.30
1975,GAB,Gabon,3.78
1980,GAB,Gabon,4.41
1985,GAB,Gabon,4.96
1990,GAB,Gabon,5.46
1995,GAB,Gabon,5.18
2000,GAB,Gabon,5.69
2001,GAB,Gabon,5.66
2002,GAB,Gabon,5.64
2003,GAB,Gabon,5.60
2004,GAB,Gabon,5.64
2005,GAB,Gabon,5.61
2006,GAB,Gabon,5.65
2007,GAB,Gabon,5.68
2008,GAB,Gabon,5.74
2009,GAB,Gabon,5.72
2010,GAB,Gabon,5.37
2011,GAB,Gabon,5.29
2012,GAB,Gabon,5.29
2013,GAB,Gabon,5.32
2014,GAB,Gabon,5.54
2015,GAB,Gabon,5.66
2016,GAB,Gabon,5.75
2017,GAB,Gabon,5.85
2018,GAB,Gabon,5.86
1970,GMB,"Gambia, The",
1975,GMB,"Gambia, The",
1980,GMB,"Gambia, The",
1985,GMB,"Gambia, The",
1990,GMB,"Gambia, The",
1995,GMB,"Gambia, The",
2000,GMB,"Gambia, The",
2001,GMB,"Gambia, The",
2002,GMB,"Gambia, The",
2003,GMB,"Gambia, The",
2004,GMB,"Gambia, The",
2005,GMB,"Gambia, The",
2006,GMB,"Gambia, The",
2007,GMB,"Gambia, The",
2008,GMB,"Gambia, The",
2009,GMB,"Gambia, The",
2010,GMB,"Gambia, The",7.01
2011,GMB,"Gambia, The",6.99
2012,GMB,"Gambia, The",6.87
2013,GMB,"Gambia, The",7.21
2014,GMB,"Gambia, The",7.18
2015,GMB,"Gambia, The",7.17
2016,GMB,"Gambia, The",7.24
2017,GMB,"Gambia, The",7.15
2018,GMB,"Gambia, The",7.14
1970,GEO,Georgia,
1975,GEO,Georgia,
1980,GEO,Georgia,
1985,GEO,Georgia,
1990,GEO,Georgia,
1995,GEO,Georgia,
2000,GEO,Georgia,7.38
2001,GEO,Georgia,
2002,GEO,Georgia,
2003,GEO,Georgia,7.63
2004,GEO,Georgia,7.61
2005,GEO,Georgia,7.85
2006,GEO,Georgia,7.93
2007,GEO,Georgia,7.79
2008,GEO,Georgia,7.78
2009,GEO,Georgia,7.59
2010,GEO,Georgia,7.76
2011,GEO,Georgia,7.99
2012,GEO,Georgia,8.13
2013,GEO,Georgia,8.19
2014,GEO,Georgia,8.27
2015,GEO,Georgia,8.14
2016,GEO,Georgia,8.12
2017,GEO,Georgia,8.14
2018,GEO,Georgia,8.18
1970,DEU,Germany,8.35
1975,DEU,Germany,7.96
1980,DEU,Germany,8.07
1985,DEU,Germany,8.12
1990,DEU,Germany,8.23
1995,DEU,Germany,8.02
2000,DEU,Germany,7.90
2001,DEU,Germany,7.78
2002,DEU,Germany,7.84
2003,DEU,Germany,7.89
2004,DEU,Germany,7.86
2005,DEU,Germany,7.83
2006,DEU,Germany,7.80
2007,DEU,Germany,7.76
2008,DEU,Germany,7.72
2009,DEU,Germany,7.76
2010,DEU,Germany,7.78
2011,DEU,Germany,7.87
2012,DEU,Germany,7.84
2013,DEU,Germany,7.91
2014,DEU,Germany,7.93
2015,DEU,Germany,7.97
2016,DEU,Germany,7.96
2017,DEU,Germany,7.87
2018,DEU,Germany,7.85
1970,GHA,Ghana,3.43
1975,GHA,Ghana,2.88
1980,GHA,Ghana,2.75
1985,GHA,Ghana,3.10
1990,GHA,Ghana,4.53
1995,GHA,Ghana,5.28
2000,GHA,Ghana,5.79
2001,GHA,Ghana,5.86
2002,GHA,Ghana,6.16
2003,GHA,Ghana,6.41
2004,GHA,Ghana,6.28
2005,GHA,Ghana,6.37
2006,GHA,Ghana,7.00
2007,GHA,Ghana,7.07
2008,GHA,Ghana,7.02
2009,GHA,Ghana,7.07
2010,GHA,Ghana,6.91
2011,GHA,Ghana,6.82
2012,GHA,Ghana,6.69
2013,GHA,Ghana,6.69
2014,GHA,Ghana,6.31
2015,GHA,Ghana,6.45
2016,GHA,Ghana,6.60
2017,GHA,Ghana,6.67
2018,GHA,Ghana,6.65
1970,GRC,Greece,5.99
1975,GRC,Greece,6.01
1980,GRC,Greece,6.08
1985,GRC,Greece,5.49
1990,GRC,Greece,6.12
1995,GRC,Greece,6.63
2000,GRC,Greece,7.31
2001,GRC,Greece,7.21
2002,GRC,Greece,7.35
2003,GRC,Greece,7.36
2004,GRC,Greece,7.36
2005,GRC,Greece,7.39
2006,GRC,Greece,7.42
2007,GRC,Greece,7.43
2008,GRC,Greece,7.17
2009,GRC,Greece,7.03
2010,GRC,Greece,7.12
2011,GRC,Greece,7.12
2012,GRC,Greece,7.06
2013,GRC,Greece,7.01
2014,GRC,Greece,7.09
2015,GRC,Greece,6.63
2016,GRC,Greece,6.69
2017,GRC,Greece,6.83
2018,GRC,Greece,6.71
1970,GTM,Guatemala,5.76
1975,GTM,Guatemala,6.18
1980,GTM,Guatemala,6.18
1985,GTM,Guatemala,5.09
1990,GTM,Guatemala,6.09
1995,GTM,Guatemala,6.99
2000,GTM,Guatemala,6.90
2001,GTM,Guatemala,7.12
2002,GTM,Guatemala,7.23
2003,GTM,Guatemala,7.29
2004,GTM,Guatemala,7.42
2005,GTM,Guatemala,7.46
2006,GTM,Guatemala,7.58
2007,GTM,Guatemala,7.58
2008,GTM,Guatemala,7.51
2009,GTM,Guatemala,7.43
2010,GTM,Guatemala,7.49
2011,GTM,Guatemala,7.53
2012,GTM,Guatemala,7.62
2013,GTM,Guatemala,7.81
2014,GTM,Guatemala,7.80
2015,GTM,Guatemala,7.83
2016,GTM,Guatemala,7.79
2017,GTM,Guatemala,7.72
2018,GTM,Guatemala,7.70
1970,GIN,Guinea,
1975,GIN,Guinea,
1980,GIN,Guinea,
1985,GIN,Guinea,
1990,GIN,Guinea,
1995,GIN,Guinea,
2000,GIN,Guinea,
2001,GIN,Guinea,
2002,GIN,Guinea,
2003,GIN,Guinea,
2004,GIN,Guinea,
2005,GIN,Guinea,
2006,GIN,Guinea,
2007,GIN,Guinea,
2008,GIN,Guinea,
2009,GIN,Guinea,
2010,GIN,Guinea,
2011,GIN,Guinea,
2012,GIN,Guinea,
2013,GIN,Guinea,5.15
2014,GIN,Guinea,5.11
2015,GIN,Guinea,5.23
2016,GIN,Guinea,5.78
2017,GIN,Guinea,5.46
2018,GIN,Guinea,5.57
1970,GNB,Guinea-Bissau,
1975,GNB,Guinea-Bissau,
1980,GNB,Guinea-Bissau,
1985,GNB,Guinea-Bissau,
1990,GNB,Guinea-Bissau,3.76
1995,GNB,Guinea-Bissau,4.09
2000,GNB,Guinea-Bissau,4.53
2001,GNB,Guinea-Bissau,5.14
2002,GNB,Guinea-Bissau,5.21
2003,GNB,Guinea-Bissau,5.29
2004,GNB,Guinea-Bissau,5.31
2005,GNB,Guinea-Bissau,5.23
2006,GNB,Guinea-Bissau,5.28
2007,GNB,Guinea-Bissau,5.12
2008,GNB,Guinea-Bissau,5.16
2009,GNB,Guinea-Bissau,5.41
2010,GNB,Guinea-Bissau,5.30
2011,GNB,Guinea-Bissau,5.26
2012,GNB,Guinea-Bissau,5.76
2013,GNB,Guinea-Bissau,5.40
2014,GNB,Guinea-Bissau,5.20
2015,GNB,Guinea-Bissau,5.18
2016,GNB,Guinea-Bissau,5.00
2017,GNB,Guinea-Bissau,5.32
2018,GNB,Guinea-Bissau,5.46
1970,GUY,Guyana,
1975,GUY,Guyana,
1980,GUY,Guyana,
1985,GUY,Guyana,
1990,GUY,Guyana,4.83
1995,GUY,Guyana,5.45
2000,GUY,Guyana,6.25
2001,GUY,Guyana,6.18
2002,GUY,Guyana,6.16
2003,GUY,Guyana,6.09
2004,GUY,Guyana,6.07
2005,GUY,Guyana,6.50
2006,GUY,Guyana,6.35
2007,GUY,Guyana,6.40
2008,GUY,Guyana,6.53
2009,GUY,Guyana,6.53
2010,GUY,Guyana,6.52
2011,GUY,Guyana,6.49
2012,GUY,Guyana,6.48
2013,GUY,Guyana,6.32
2014,GUY,Guyana,6.49
2015,GUY,Guyana,6.79
2016,GUY,Guyana,6.57
2017,GUY,Guyana,6.64
2018,GUY,Guyana,6.68
1970,HTI,Haiti,
1975,HTI,Haiti,
1980,HTI,Haiti,
1985,HTI,Haiti,
1990,HTI,Haiti,
1995,HTI,Haiti,6.13
2000,HTI,Haiti,6.66
2001,HTI,Haiti,6.69
2002,HTI,Haiti,6.60
2003,HTI,Haiti,6.55
2004,HTI,Haiti,6.61
2005,HTI,Haiti,6.79
2006,HTI,Haiti,6.79
2007,HTI,Haiti,6.82
2008,HTI,Haiti,6.84
2009,HTI,Haiti,6.88
2010,HTI,Haiti,6.44
2011,HTI,Haiti,6.47
2012,HTI,Haiti,6.15
2013,HTI,Haiti,6.63
2014,HTI,Haiti,6.87
2015,HTI,Haiti,6.78
2016,HTI,Haiti,6.73
2017,HTI,Haiti,6.62
2018,HTI,Haiti,6.58
1970,HND,Honduras,6.45
1975,HND,Honduras,6.90
1980,HND,Honduras,6.05
1985,HND,Honduras,5.79
1990,HND,Honduras,5.74
1995,HND,Honduras,6.27
2000,HND,Honduras,6.92
2001,HND,Honduras,6.96
2002,HND,Honduras,7.17
2003,HND,Honduras,7.17
2004,HND,Honduras,7.14
2005,HND,Honduras,7.20
2006,HND,Honduras,7.38
2007,HND,Honduras,7.39
2008,HND,Honduras,7.39
2009,HND,Honduras,7.27
2010,HND,Honduras,7.32
2011,HND,Honduras,7.31
2012,HND,Honduras,7.22
2013,HND,Honduras,7.26
2014,HND,Honduras,7.29
2015,HND,Honduras,7.37
2016,HND,Honduras,7.25
2017,HND,Honduras,7.24
2018,HND,Honduras,7.28
1970,HKG,"Hong Kong SAR, China",8.34
1975,HKG,"Hong Kong SAR, China",8.70
1980,HKG,"Hong Kong SAR, China",8.69
1985,HKG,"Hong Kong SAR, China",8.89
1990,HKG,"Hong Kong SAR, China",8.84
1995,HKG,"Hong Kong SAR, China",9.02
2000,HKG,"Hong Kong SAR, China",8.76
2001,HKG,"Hong Kong SAR, China",8.78
2002,HKG,"Hong Kong SAR, China",8.68
2003,HKG,"Hong Kong SAR, China",8.67
2004,HKG,"Hong Kong SAR, China",8.72
2005,HKG,"Hong Kong SAR, China",8.87
2006,HKG,"Hong Kong SAR, China",8.92
2007,HKG,"Hong Kong SAR, China",8.93
2008,HKG,"Hong Kong SAR, China",8.97
2009,HKG,"Hong Kong SAR, China",8.90
2010,HKG,"Hong Kong SAR, China",8.91
2011,HKG,"Hong Kong SAR, China",8.88
2012,HKG,"Hong Kong SAR, China",8.84
2013,HKG,"Hong Kong SAR, China",8.81
2014,HKG,"Hong Kong SAR, China",8.85
2015,HKG,"Hong Kong SAR, China",8.84
2016,HKG,"Hong Kong SAR, China",8.86
2017,HKG,"Hong Kong SAR, China",8.90
2018,HKG,"Hong Kong SAR, China",8.94
1970,HUN,Hungary,
1975,HUN,Hungary,
1980,HUN,Hungary,4.36
1985,HUN,Hungary,4.80
1990,HUN,Hungary,5.68
1995,HUN,Hungary,6.73
2000,HUN,Hungary,7.06
2001,HUN,Hungary,7.46
2002,HUN,Hungary,7.23
2003,HUN,Hungary,7.35
2004,HUN,Hungary,7.48
2005,HUN,Hungary,7.45
2006,HUN,Hungary,7.38
2007,HUN,Hungary,7.42
2008,HUN,Hungary,7.45
2009,HUN,Hungary,7.54
2010,HUN,Hungary,7.60
2011,HUN,Hungary,7.62
2012,HUN,Hungary,7.52
2013,HUN,Hungary,7.46
2014,HUN,Hungary,7.50
2015,HUN,Hungary,7.39
2016,HUN,Hungary,7.59
2017,HUN,Hungary,7.53
2018,HUN,Hungary,7.44
1970,ISL,Iceland,5.77
1975,ISL,Iceland,5.04
1980,ISL,Iceland,5.57
1985,ISL,Iceland,5.67
1990,ISL,Iceland,7.02
1995,ISL,Iceland,7.79
2000,ISL,Iceland,7.98
2001,ISL,Iceland,7.91
2002,ISL,Iceland,7.90
2003,ISL,Iceland,8.07
2004,ISL,Iceland,8.10
2005,ISL,Iceland,8.00
2006,ISL,Iceland,7.98
2007,ISL,Iceland,7.85
2008,ISL,Iceland,7.05
2009,ISL,Iceland,6.65
2010,ISL,Iceland,6.50
2011,ISL,Iceland,6.90
2012,ISL,Iceland,7.00
2013,ISL,Iceland,7.06
2014,ISL,Iceland,7.25
2015,ISL,Iceland,7.30
2016,ISL,Iceland,7.75
2017,ISL,Iceland,7.76
2018,ISL,Iceland,7.71
1970,IND,India,5.55
1975,IND,India,4.97
1980,IND,India,5.07
1985,IND,India,4.94
1990,IND,India,5.16
1995,IND,India,5.79
2000,IND,India,6.26
2001,IND,India,6.22
2002,IND,India,6.30
2003,IND,India,6.39
2004,IND,India,6.33
2005,IND,India,6.48
2006,IND,India,6.39
2007,IND,India,6.43
2008,IND,India,6.40
2009,IND,India,6.36
2010,IND,India,6.37
2011,IND,India,6.52
2012,IND,India,6.51
2013,IND,India,6.34
2014,IND,India,6.17
2015,IND,India,6.47
2016,IND,India,6.46
2017,IND,India,6.68
2018,IND,India,6.56
1970,IDN,Indonesia,3.48
1975,IDN,Indonesia,4.40
1980,IDN,Indonesia,4.50
1985,IDN,Indonesia,5.53
1990,IDN,Indonesia,5.79
1995,IDN,Indonesia,6.27
2000,IDN,Indonesia,5.94
2001,IDN,Indonesia,5.72
2002,IDN,Indonesia,5.93
2003,IDN,Indonesia,6.17
2004,IDN,Indonesia,6.18
2005,IDN,Indonesia,6.43
2006,IDN,Indonesia,6.47
2007,IDN,Indonesia,6.54
2008,IDN,Indonesia,6.52
2009,IDN,Indonesia,6.68
2010,IDN,Indonesia,6.97
2011,IDN,Indonesia,6.95
2012,IDN,Indonesia,6.88
2013,IDN,Indonesia,7.09
2014,IDN,Indonesia,7.08
2015,IDN,Indonesia,7.12
2016,IDN,Indonesia,7.28
2017,IDN,Indonesia,7.27
2018,IDN,Indonesia,7.39
1970,IRN,"Iran, Islamic Rep.",4.13
1975,IRN,"Iran, Islamic Rep.",4.30
1980,IRN,"Iran, Islamic Rep.",3.39
1985,IRN,"Iran, Islamic Rep.",3.88
1990,IRN,"Iran, Islamic Rep.",4.53
1995,IRN,"Iran, Islamic Rep.",3.84
2000,IRN,"Iran, Islamic Rep.",5.55
2001,IRN,"Iran, Islamic Rep.",5.89
2002,IRN,"Iran, Islamic Rep.",5.72
2003,IRN,"Iran, Islamic Rep.",5.78
2004,IRN,"Iran, Islamic Rep.",5.92
2005,IRN,"Iran, Islamic Rep.",5.92
2006,IRN,"Iran, Islamic Rep.",5.99
2007,IRN,"Iran, Islamic Rep.",5.79
2008,IRN,"Iran, Islamic Rep.",5.61
2009,IRN,"Iran, Islamic Rep.",5.60
2010,IRN,"Iran, Islamic Rep.",5.54
2011,IRN,"Iran, Islamic Rep.",5.40
2012,IRN,"Iran, Islamic Rep.",5.26
2013,IRN,"Iran, Islamic Rep.",5.42
2014,IRN,"Iran, Islamic Rep.",5.14
2015,IRN,"Iran, Islamic Rep.",5.40
2016,IRN,"Iran, Islamic Rep.",5.51
2017,IRN,"Iran, Islamic Rep.",5.49
2018,IRN,"Iran, Islamic Rep.",4.80
1970,IRQ,Iraq,
1975,IRQ,Iraq,
1980,IRQ,Iraq,
1985,IRQ,Iraq,
1990,IRQ,Iraq,
1995,IRQ,Iraq,
2000,IRQ,Iraq,
2001,IRQ,Iraq,
2002,IRQ,Iraq,
2003,IRQ,Iraq,
2004,IRQ,Iraq,
2005,IRQ,Iraq,
2006,IRQ,Iraq,
2007,IRQ,Iraq,
2008,IRQ,Iraq,
2009,IRQ,Iraq,
2010,IRQ,Iraq,
2011,IRQ,Iraq,
2012,IRQ,Iraq,
2013,IRQ,Iraq,
2014,IRQ,Iraq,
2015,IRQ,Iraq,
2016,IRQ,Iraq,5.63
2017,IRQ,Iraq,5.57
2018,IRQ,Iraq,5.61
1970,IRL,Ireland,6.80
1975,IRL,Ireland,6.52
1980,IRL,Ireland,6.80
1985,IRL,Ireland,6.95
1990,IRL,Ireland,7.20
1995,IRL,Ireland,8.16
2000,IRL,Ireland,8.09
2001,IRL,Ireland,8.00
2002,IRL,Ireland,8.05
2003,IRL,Ireland,8.13
2004,IRL,Ireland,8.17
2005,IRL,Ireland,8.26
2006,IRL,Ireland,8.15
2007,IRL,Ireland,8.17
2008,IRL,Ireland,7.98
2009,IRL,Ireland,7.80
2010,IRL,Ireland,7.89
2011,IRL,Ireland,8.04
2012,IRL,Ireland,8.10
2013,IRL,Ireland,8.14
2014,IRL,Ireland,8.20
2015,IRL,Ireland,8.32
2016,IRL,Ireland,8.20
2017,IRL,Ireland,8.14
2018,IRL,Ireland,8.13
1970,ISR,Israel,4.89
1975,ISR,Israel,4.22
1980,ISR,Israel,4.22
1985,ISR,Israel,4.17
1990,ISR,Israel,4.99
1995,ISR,Israel,6.13
2000,ISR,Israel,6.65
2001,ISR,Israel,6.79
2002,ISR,Israel,7.05
2003,ISR,Israel,7.12
2004,ISR,Israel,7.14
2005,ISR,Israel,7.24
2006,ISR,Israel,7.18
2007,ISR,Israel,7.23
2008,ISR,Israel,7.16
2009,ISR,Israel,7.09
2010,ISR,Israel,7.31
2011,ISR,Israel,7.32
2012,ISR,Israel,7.36
2013,ISR,Israel,7.46
2014,ISR,Israel,7.50
2015,ISR,Israel,7.52
2016,ISR,Israel,7.56
2017,ISR,Israel,7.62
2018,ISR,Israel,7.62
1970,ITA,Italy,7.08
1975,ITA,Italy,6.61
1980,ITA,Italy,6.22
1985,ITA,Italy,6.34
1990,ITA,Italy,7.17
1995,ITA,Italy,7.43
2000,ITA,Italy,7.70
2001,ITA,Italy,7.61
2002,ITA,Italy,7.67
2003,ITA,Italy,7.57
2004,ITA,Italy,7.63
2005,ITA,Italy,7.68
2006,ITA,Italy,7.56
2007,ITA,Italy,7.53
2008,ITA,Italy,7.47
2009,ITA,Italy,7.41
2010,ITA,Italy,7.57
2011,ITA,Italy,7.61
2012,ITA,Italy,7.61
2013,ITA,Italy,7.62
2014,ITA,Italy,7.68
2015,ITA,Italy,7.71
2016,ITA,Italy,7.66
2017,ITA,Italy,7.60
2018,ITA,Italy,7.51
1970,JAM,Jamaica,
1975,JAM,Jamaica,4.89
1980,JAM,Jamaica,4.52
1985,JAM,Jamaica,4.99
1990,JAM,Jamaica,5.56
1995,JAM,Jamaica,6.47
2000,JAM,Jamaica,7.37
2001,JAM,Jamaica,7.25
2002,JAM,Jamaica,7.34
2003,JAM,Jamaica,7.43
2004,JAM,Jamaica,7.47
2005,JAM,Jamaica,7.49
2006,JAM,Jamaica,7.51
2007,JAM,Jamaica,7.35
2008,JAM,Jamaica,7.13
2009,JAM,Jamaica,7.20
2010,JAM,Jamaica,7.22
2011,JAM,Jamaica,7.25
2012,JAM,Jamaica,7.44
2013,JAM,Jamaica,7.63
2014,JAM,Jamaica,7.51
2015,JAM,Jamaica,7.67
2016,JAM,Jamaica,7.60
2017,JAM,Jamaica,7.54
2018,JAM,Jamaica,7.69
1970,JPN,Japan,7.36
1975,JPN,Japan,7.41
1980,JPN,Japan,7.48
1985,JPN,Japan,7.80
1990,JPN,Japan,8.16
1995,JPN,Japan,7.83
2000,JPN,Japan,8.01
2001,JPN,Japan,7.85
2002,JPN,Japan,7.83
2003,JPN,Japan,8.01
2004,JPN,Japan,7.96
2005,JPN,Japan,7.99
2006,JPN,Japan,7.95
2007,JPN,Japan,7.97
2008,JPN,Japan,7.85
2009,JPN,Japan,7.72
2010,JPN,Japan,7.79
2011,JPN,Japan,7.71
2012,JPN,Japan,7.77
2013,JPN,Japan,7.81
2014,JPN,Japan,7.78
2015,JPN,Japan,7.85
2016,JPN,Japan,7.84
2017,JPN,Japan,7.86
2018,JPN,Japan,7.88
1970,JOR,Jordan,
1975,JOR,Jordan,4.99
1980,JOR,Jordan,4.97
1985,JOR,Jordan,5.28
1990,JOR,Jordan,5.10
1995,JOR,Jordan,5.89
2000,JOR,Jordan,7.09
2001,JOR,Jordan,7.00
2002,JOR,Jordan,7.19
2003,JOR,Jordan,7.16
2004,JOR,Jordan,7.19
2005,JOR,Jordan,7.25
2006,JOR,Jordan,7.16
2007,JOR,Jordan,7.29
2008,JOR,Jordan,7.17
2009,JOR,Jordan,7.23
2010,JOR,Jordan,7.46
2011,JOR,Jordan,7.48
2012,JOR,Jordan,7.47
2013,JOR,Jordan,7.61
2014,JOR,Jordan,7.49
2015,JOR,Jordan,7.54
2016,JOR,Jordan,7.49
2017,JOR,Jordan,7.54
2018,JOR,Jordan,7.62
1970,KAZ,Kazakhstan,
1975,KAZ,Kazakhstan,
1980,KAZ,Kazakhstan,
1985,KAZ,Kazakhstan,
1990,KAZ,Kazakhstan,
1995,KAZ,Kazakhstan,
2000,KAZ,Kazakhstan,
2001,KAZ,Kazakhstan,
2002,KAZ,Kazakhstan,
2003,KAZ,Kazakhstan,
2004,KAZ,Kazakhstan,
2005,KAZ,Kazakhstan,6.66
2006,KAZ,Kazakhstan,6.67
2007,KAZ,Kazakhstan,6.92
2008,KAZ,Kazakhstan,6.87
2009,KAZ,Kazakhstan,6.87
2010,KAZ,Kazakhstan,6.79
2011,KAZ,Kazakhstan,6.76
2012,KAZ,Kazakhstan,7.00
2013,KAZ,Kazakhstan,7.01
2014,KAZ,Kazakhstan,7.05
2015,KAZ,Kazakhstan,7.13
2016,KAZ,Kazakhstan,7.02
2017,KAZ,Kazakhstan,7.09
2018,KAZ,Kazakhstan,7.12
1970,KEN,Kenya,4.86
1975,KEN,Kenya,5.21
1980,KEN,Kenya,4.99
1985,KEN,Kenya,5.32
1990,KEN,Kenya,5.37
1995,KEN,Kenya,5.94
2000,KEN,Kenya,6.55
2001,KEN,Kenya,6.59
2002,KEN,Kenya,6.67
2003,KEN,Kenya,6.66
2004,KEN,Kenya,6.77
2005,KEN,Kenya,7.18
2006,KEN,Kenya,7.16
2007,KEN,Kenya,7.28
2008,KEN,Kenya,6.90
2009,KEN,Kenya,7.01
2010,KEN,Kenya,7.02
2011,KEN,Kenya,7.05
2012,KEN,Kenya,7.18
2013,KEN,Kenya,7.15
2014,KEN,Kenya,7.20
2015,KEN,Kenya,7.12
2016,KEN,Kenya,6.96
2017,KEN,Kenya,6.86
2018,KEN,Kenya,6.84
1970,KOR,"Korea, Rep.",5.34
1975,KOR,"Korea, Rep.",5.45
1980,KOR,"Korea, Rep.",5.43
1985,KOR,"Korea, Rep.",5.86
1990,KOR,"Korea, Rep.",6.80
1995,KOR,"Korea, Rep.",7.28
2000,KOR,"Korea, Rep.",7.22
2001,KOR,"Korea, Rep.",7.45
2002,KOR,"Korea, Rep.",7.51
2003,KOR,"Korea, Rep.",7.51
2004,KOR,"Korea, Rep.",7.57
2005,KOR,"Korea, Rep.",7.49
2006,KOR,"Korea, Rep.",7.63
2007,KOR,"Korea, Rep.",7.66
2008,KOR,"Korea, Rep.",7.50
2009,KOR,"Korea, Rep.",7.47
2010,KOR,"Korea, Rep.",7.60
2011,KOR,"Korea, Rep.",7.60
2012,KOR,"Korea, Rep.",7.58
2013,KOR,"Korea, Rep.",7.53
2014,KOR,"Korea, Rep.",7.58
2015,KOR,"Korea, Rep.",7.63
2016,KOR,"Korea, Rep.",7.68
2017,KOR,"Korea, Rep.",7.72
2018,KOR,"Korea, Rep.",7.69
1970,KWT,Kuwait,
1975,KWT,Kuwait,
1980,KWT,Kuwait,5.56
1985,KWT,Kuwait,6.31
1990,KWT,Kuwait,6.22
1995,KWT,Kuwait,6.48
2000,KWT,Kuwait,6.61
2001,KWT,Kuwait,6.92
2002,KWT,Kuwait,6.91
2003,KWT,Kuwait,6.99
2004,KWT,Kuwait,6.90
2005,KWT,Kuwait,6.90
2006,KWT,Kuwait,7.05
2007,KWT,Kuwait,7.19
2008,KWT,Kuwait,6.92
2009,KWT,Kuwait,6.87
2010,KWT,Kuwait,6.68
2011,KWT,Kuwait,6.64
2012,KWT,Kuwait,6.72
2013,KWT,Kuwait,6.69
2014,KWT,Kuwait,6.60
2015,KWT,Kuwait,6.43
2016,KWT,Kuwait,6.64
2017,KWT,Kuwait,6.56
2018,KWT,Kuwait,6.60
1970,KGZ,Kyrgyz Republic,
1975,KGZ,Kyrgyz Republic,
1980,KGZ,Kyrgyz Republic,
1985,KGZ,Kyrgyz Republic,
1990,KGZ,Kyrgyz Republic,
1995,KGZ,Kyrgyz Republic,
2000,KGZ,Kyrgyz Republic,
2001,KGZ,Kyrgyz Republic,
2002,KGZ,Kyrgyz Republic,
2003,KGZ,Kyrgyz Republic,
2004,KGZ,Kyrgyz Republic,
2005,KGZ,Kyrgyz Republic,6.80
2006,KGZ,Kyrgyz Republic,6.87
2007,KGZ,Kyrgyz Republic,6.95
2008,KGZ,Kyrgyz Republic,6.81
2009,KGZ,Kyrgyz Republic,6.91
2010,KGZ,Kyrgyz Republic,6.80
2011,KGZ,Kyrgyz Republic,6.76
2012,KGZ,Kyrgyz Republic,6.72
2013,KGZ,Kyrgyz Republic,6.78
2014,KGZ,Kyrgyz Republic,7.05
2015,KGZ,Kyrgyz Republic,6.88
2016,KGZ,Kyrgyz Republic,7.06
2017,KGZ,Kyrgyz Republic,7.05
2018,KGZ,Kyrgyz Republic,6.99
1970,LAO,Lao PDR,
1975,LAO,Lao PDR,
1980,LAO,Lao PDR,
1985,LAO,Lao PDR,
1990,LAO,Lao PDR,
1995,LAO,Lao PDR,
2000,LAO,Lao PDR,
2001,LAO,Lao PDR,
2002,LAO,Lao PDR,
2003,LAO,Lao PDR,
2004,LAO,Lao PDR,
2005,LAO,Lao PDR,
2006,LAO,Lao PDR,
2007,LAO,Lao PDR,
2008,LAO,Lao PDR,
2009,LAO,Lao PDR,
2010,LAO,Lao PDR,
2011,LAO,Lao PDR,
2012,LAO,Lao PDR,
2013,LAO,Lao PDR,
2014,LAO,Lao PDR,6.44
2015,LAO,Lao PDR,6.39
2016,LAO,Lao PDR,6.43
2017,LAO,Lao PDR,6.52
2018,LAO,Lao PDR,6.62
1970,LVA,Latvia,
1975,LVA,Latvia,
1980,LVA,Latvia,
1985,LVA,Latvia,
1990,LVA,Latvia,
1995,LVA,Latvia,5.88
2000,LVA,Latvia,7.57
2001,LVA,Latvia,7.70
2002,LVA,Latvia,7.81
2003,LVA,Latvia,7.75
2004,LVA,Latvia,7.79
2005,LVA,Latvia,7.77
2006,LVA,Latvia,7.90
2007,LVA,Latvia,7.94
2008,LVA,Latvia,7.88
2009,LVA,Latvia,7.78
2010,LVA,Latvia,7.74
2011,LVA,Latvia,7.76
2012,LVA,Latvia,7.88
2013,LVA,Latvia,7.97
2014,LVA,Latvia,8.11
2015,LVA,Latvia,8.12
2016,LVA,Latvia,8.02
2017,LVA,Latvia,7.97
2018,LVA,Latvia,7.89
1970,LBN,Lebanon,
1975,LBN,Lebanon,
1980,LBN,Lebanon,
1985,LBN,Lebanon,
1990,LBN,Lebanon,
1995,LBN,Lebanon,
2000,LBN,Lebanon,
2001,LBN,Lebanon,
2002,LBN,Lebanon,
2003,LBN,Lebanon,
2004,LBN,Lebanon,
2005,LBN,Lebanon,
2006,LBN,Lebanon,
2007,LBN,Lebanon,
2008,LBN,Lebanon,
2009,LBN,Lebanon,
2010,LBN,Lebanon,7.19
2011,LBN,Lebanon,7.18
2012,LBN,Lebanon,7.04
2013,LBN,Lebanon,7.12
2014,LBN,Lebanon,7.08
2015,LBN,Lebanon,7.06
2016,LBN,Lebanon,7.07
2017,LBN,Lebanon,6.95
2018,LBN,Lebanon,6.88
1970,LSO,Lesotho,
1975,LSO,Lesotho,
1980,LSO,Lesotho,
1985,LSO,Lesotho,
1990,LSO,Lesotho,
1995,LSO,Lesotho,
2000,LSO,Lesotho,
2001,LSO,Lesotho,
2002,LSO,Lesotho,
2003,LSO,Lesotho,
2004,LSO,Lesotho,
2005,LSO,Lesotho,6.00
2006,LSO,Lesotho,6.30
2007,LSO,Lesotho,6.35
2008,LSO,Lesotho,6.23
2009,LSO,Lesotho,6.27
2010,LSO,Lesotho,6.26
2011,LSO,Lesotho,6.38
2012,LSO,Lesotho,6.27
2013,LSO,Lesotho,6.54
2014,LSO,Lesotho,6.57
2015,LSO,Lesotho,6.71
2016,LSO,Lesotho,6.59
2017,LSO,Lesotho,6.67
2018,LSO,Lesotho,6.65
1970,LBR,Liberia,
1975,LBR,Liberia,
1980,LBR,Liberia,
1985,LBR,Liberia,
1990,LBR,Liberia,
1995,LBR,Liberia,
2000,LBR,Liberia,
2001,LBR,Liberia,
2002,LBR,Liberia,
2003,LBR,Liberia,
2004,LBR,Liberia,
2005,LBR,Liberia,
2006,LBR,Liberia,
2007,LBR,Liberia,
2008,LBR,Liberia,
2009,LBR,Liberia,
2010,LBR,Liberia,
2011,LBR,Liberia,
2012,LBR,Liberia,
2013,LBR,Liberia,
2014,LBR,Liberia,7.06
2015,LBR,Liberia,6.70
2016,LBR,Liberia,6.67
2017,LBR,Liberia,6.51
2018,LBR,Liberia,6.28
1970,LBY,Libya,
1975,LBY,Libya,
1980,LBY,Libya,
1985,LBY,Libya,
1990,LBY,Libya,
1995,LBY,Libya,
2000,LBY,Libya,
2001,LBY,Libya,
2002,LBY,Libya,
2003,LBY,Libya,
2004,LBY,Libya,
2005,LBY,Libya,
2006,LBY,Libya,
2007,LBY,Libya,
2008,LBY,Libya,
2009,LBY,Libya,
2010,LBY,Libya,
2011,LBY,Libya,
2012,LBY,Libya,
2013,LBY,Libya,5.09
2014,LBY,Libya,5.11
2015,LBY,Libya,5.10
2016,LBY,Libya,5.02
2017,LBY,Libya,4.60
2018,LBY,Libya,4.72
1970,LTU,Lithuania,
1975,LTU,Lithuania,
1980,LTU,Lithuania,
1985,LTU,Lithuania,
1990,LTU,Lithuania,
1995,LTU,Lithuania,5.85
2000,LTU,Lithuania,6.95
2001,LTU,Lithuania,7.15
2002,LTU,Lithuania,7.60
2003,LTU,Lithuania,7.61
2004,LTU,Lithuania,7.59
2005,LTU,Lithuania,7.69
2006,LTU,Lithuania,7.67
2007,LTU,Lithuania,7.67
2008,LTU,Lithuania,7.49
2009,LTU,Lithuania,7.48
2010,LTU,Lithuania,7.58
2011,LTU,Lithuania,7.65
2012,LTU,Lithuania,7.69
2013,LTU,Lithuania,7.94
2014,LTU,Lithuania,8.12
2015,LTU,Lithuania,8.07
2016,LTU,Lithuania,8.09
2017,LTU,Lithuania,8.05
2018,LTU,Lithuania,8.10
1970,LUX,Luxembourg,7.29
1975,LUX,Luxembourg,7.49
1980,LUX,Luxembourg,7.58
1985,LUX,Luxembourg,8.01
1990,LUX,Luxembourg,8.22
1995,LUX,Luxembourg,7.93
2000,LUX,Luxembourg,7.96
2001,LUX,Luxembourg,7.99
2002,LUX,Luxembourg,7.85
2003,LUX,Luxembourg,7.85
2004,LUX,Luxembourg,7.84
2005,LUX,Luxembourg,7.64
2006,LUX,Luxembourg,7.63
2007,LUX,Luxembourg,7.68
2008,LUX,Luxembourg,7.69
2009,LUX,Luxembourg,7.59
2010,LUX,Luxembourg,7.53
2011,LUX,Luxembourg,7.55
2012,LUX,Luxembourg,7.52
2013,LUX,Luxembourg,7.67
2014,LUX,Luxembourg,7.83
2015,LUX,Luxembourg,7.73
2016,LUX,Luxembourg,7.71
2017,LUX,Luxembourg,7.73
2018,LUX,Luxembourg,7.75
1970,MDG,Madagascar,5.22
1975,MDG,Madagascar,4.38
1980,MDG,Madagascar,3.78
1985,MDG,Madagascar,4.30
1990,MDG,Madagascar,4.55
1995,MDG,Madagascar,4.34
2000,MDG,Madagascar,5.70
2001,MDG,Madagascar,5.93
2002,MDG,Madagascar,5.83
2003,MDG,Madagascar,5.96
2004,MDG,Madagascar,5.76
2005,MDG,Madagascar,5.64
2006,MDG,Madagascar,5.93
2007,MDG,Madagascar,6.03
2008,MDG,Madagascar,6.18
2009,MDG,Madagascar,6.24
2010,MDG,Madagascar,6.29
2011,MDG,Madagascar,6.21
2012,MDG,Madagascar,6.37
2013,MDG,Madagascar,6.64
2014,MDG,Madagascar,6.43
2015,MDG,Madagascar,6.40
2016,MDG,Madagascar,6.25
2017,MDG,Madagascar,6.14
2018,MDG,Madagascar,6.20
1970,MWI,Malawi,5.40
1975,MWI,Malawi,5.09
1980,MWI,Malawi,4.90
1985,MWI,Malawi,5.31
1990,MWI,Malawi,5.66
1995,MWI,Malawi,4.98
2000,MWI,Malawi,5.16
2001,MWI,Malawi,5.44
2002,MWI,Malawi,5.50
2003,MWI,Malawi,5.38
2004,MWI,Malawi,5.22
2005,MWI,Malawi,5.34
2006,MWI,Malawi,5.47
2007,MWI,Malawi,5.78
2008,MWI,Malawi,6.12
2009,MWI,Malawi,6.20
2010,MWI,Malawi,6.17
2011,MWI,Malawi,6.43
2012,MWI,Malawi,6.09
2013,MWI,Malawi,5.98
2014,MWI,Malawi,5.95
2015,MWI,Malawi,5.79
2016,MWI,Malawi,5.98
2017,MWI,Malawi,6.06
2018,MWI,Malawi,5.79
1970,MYS,Malaysia,6.10
1975,MYS,Malaysia,6.27
1980,MYS,Malaysia,6.55
1985,MYS,Malaysia,6.79
1990,MYS,Malaysia,7.09
1995,MYS,Malaysia,7.26
2000,MYS,Malaysia,6.60
2001,MYS,Malaysia,6.21
2002,MYS,Malaysia,6.30
2003,MYS,Malaysia,6.36
2004,MYS,Malaysia,6.38
2005,MYS,Malaysia,6.54
2006,MYS,Malaysia,6.54
2007,MYS,Malaysia,6.64
2008,MYS,Malaysia,6.47
2009,MYS,Malaysia,6.37
2010,MYS,Malaysia,6.57
2011,MYS,Malaysia,6.61
2012,MYS,Malaysia,6.63
2013,MYS,Malaysia,7.24
2014,MYS,Malaysia,7.36
2015,MYS,Malaysia,7.44
2016,MYS,Malaysia,7.52
2017,MYS,Malaysia,7.56
2018,MYS,Malaysia,7.58
1970,MLI,Mali,
1975,MLI,Mali,4.75
1980,MLI,Mali,5.71
1985,MLI,Mali,5.66
1990,MLI,Mali,6.18
1995,MLI,Mali,6.02
2000,MLI,Mali,5.76
2001,MLI,Mali,5.49
2002,MLI,Mali,5.33
2003,MLI,Mali,5.54
2004,MLI,Mali,5.44
2005,MLI,Mali,5.57
2006,MLI,Mali,5.71
2007,MLI,Mali,5.97
2008,MLI,Mali,5.84
2009,MLI,Mali,5.95
2010,MLI,Mali,5.90
2011,MLI,Mali,5.87
2012,MLI,Mali,6.06
2013,MLI,Mali,5.93
2014,MLI,Mali,5.77
2015,MLI,Mali,5.84
2016,MLI,Mali,5.85
2017,MLI,Mali,5.85
2018,MLI,Mali,5.93
1970,MLT,Malta,5.44
1975,MLT,Malta,5.46
1980,MLT,Malta,5.38
1985,MLT,Malta,5.55
1990,MLT,Malta,5.74
1995,MLT,Malta,7.05
2000,MLT,Malta,6.84
2001,MLT,Malta,6.84
2002,MLT,Malta,6.86
2003,MLT,Malta,6.56
2004,MLT,Malta,7.29
2005,MLT,Malta,7.57
2006,MLT,Malta,7.51
2007,MLT,Malta,7.80
2008,MLT,Malta,7.77
2009,MLT,Malta,7.80
2010,MLT,Malta,7.87
2011,MLT,Malta,7.86
2012,MLT,Malta,7.80
2013,MLT,Malta,7.87
2014,MLT,Malta,7.94
2015,MLT,Malta,7.95
2016,MLT,Malta,8.00
2017,MLT,Malta,7.98
2018,MLT,Malta,7.94
1970,MRT,Mauritania,
1975,MRT,Mauritania,
1980,MRT,Mauritania,
1985,MRT,Mauritania,
1990,MRT,Mauritania,
1995,MRT,Mauritania,
2000,MRT,Mauritania,
2001,MRT,Mauritania,
2002,MRT,Mauritania,
2003,MRT,Mauritania,
2004,MRT,Mauritania,
2005,MRT,Mauritania,5.97
2006,MRT,Mauritania,5.98
2007,MRT,Mauritania,5.97
2008,MRT,Mauritania,6.08
2009,MRT,Mauritania,6.10
2010,MRT,Mauritania,5.88
2011,MRT,Mauritania,6.04
2012,MRT,Mauritania,5.97
2013,MRT,Mauritania,5.80
2014,MRT,Mauritania,5.85
2015,MRT,Mauritania,5.84
2016,MRT,Mauritania,6.17
2017,MRT,Mauritania,6.21
2018,MRT,Mauritania,6.22
1970,MUS,Mauritius,6.36
1975,MUS,Mauritius,5.07
1980,MUS,Mauritius,5.23
1985,MUS,Mauritius,6.34
1990,MUS,Mauritius,6.15
1995,MUS,Mauritius,7.23
2000,MUS,Mauritius,7.35
2001,MUS,Mauritius,7.27
2002,MUS,Mauritius,7.28
2003,MUS,Mauritius,7.20
2004,MUS,Mauritius,7.25
2005,MUS,Mauritius,7.52
2006,MUS,Mauritius,7.48
2007,MUS,Mauritius,7.82
2008,MUS,Mauritius,7.92
2009,MUS,Mauritius,7.89
2010,MUS,Mauritius,7.92
2011,MUS,Mauritius,7.92
2012,MUS,Mauritius,7.97
2013,MUS,Mauritius,7.88
2014,MUS,Mauritius,7.82
2015,MUS,Mauritius,7.99
2016,MUS,Mauritius,7.98
2017,MUS,Mauritius,7.99
2018,MUS,Mauritius,8.21
1970,MEX,Mexico,6.30
1975,MEX,Mexico,6.25
1980,MEX,Mexico,4.98
1985,MEX,Mexico,4.48
1990,MEX,Mexico,5.66
1995,MEX,Mexico,6.47
2000,MEX,Mexico,6.65
2001,MEX,Mexico,6.65
2002,MEX,Mexico,6.76
2003,MEX,Mexico,6.76
2004,MEX,Mexico,6.86
2005,MEX,Mexico,6.90
2006,MEX,Mexico,6.89
2007,MEX,Mexico,6.82
2008,MEX,Mexico,6.72
2009,MEX,Mexico,6.66
2010,MEX,Mexico,6.80
2011,MEX,Mexico,6.75
2012,MEX,Mexico,6.82
2013,MEX,Mexico,6.91
2014,MEX,Mexico,7.00
2015,MEX,Mexico,7.07
2016,MEX,Mexico,6.98
2017,MEX,Mexico,7.16
2018,MEX,Mexico,7.21
1970,MDA,Moldova,
1975,MDA,Moldova,
1980,MDA,Moldova,
1985,MDA,Moldova,
1990,MDA,Moldova,
1995,MDA,Moldova,
2000,MDA,Moldova,
2001,MDA,Moldova,
2002,MDA,Moldova,
2003,MDA,Moldova,
2004,MDA,Moldova,
2005,MDA,Moldova,6.56
2006,MDA,Moldova,6.55
2007,MDA,Moldova,6.56
2008,MDA,Moldova,6.65
2009,MDA,Moldova,6.54
2010,MDA,Moldova,6.71
2011,MDA,Moldova,6.79
2012,MDA,Moldova,6.82
2013,MDA,Moldova,6.75
2014,MDA,Moldova,6.86
2015,MDA,Moldova,6.79
2016,MDA,Moldova,6.82
2017,MDA,Moldova,6.85
2018,MDA,Moldova,6.99
1970,MNG,Mongolia,
1975,MNG,Mongolia,
1980,MNG,Mongolia,
1985,MNG,Mongolia,
1990,MNG,Mongolia,
1995,MNG,Mongolia,
2000,MNG,Mongolia,
2001,MNG,Mongolia,
2002,MNG,Mongolia,
2003,MNG,Mongolia,
2004,MNG,Mongolia,7.04
2005,MNG,Mongolia,7.19
2006,MNG,Mongolia,7.26
2007,MNG,Mongolia,7.09
2008,MNG,Mongolia,6.87
2009,MNG,Mongolia,7.11
2010,MNG,Mongolia,7.09
2011,MNG,Mongolia,7.17
2012,MNG,Mongolia,7.04
2013,MNG,Mongolia,7.17
2014,MNG,Mongolia,7.22
2015,MNG,Mongolia,7.28
2016,MNG,Mongolia,7.10
2017,MNG,Mongolia,7.50
2018,MNG,Mongolia,7.43
1970,MNE,Montenegro,
1975,MNE,Montenegro,
1980,MNE,Montenegro,
1985,MNE,Montenegro,
1990,MNE,Montenegro,
1995,MNE,Montenegro,
2000,MNE,Montenegro,
2001,MNE,Montenegro,
2002,MNE,Montenegro,
2003,MNE,Montenegro,
2004,MNE,Montenegro,
2005,MNE,Montenegro,6.52
2006,MNE,Montenegro,7.06
2007,MNE,Montenegro,7.08
2008,MNE,Montenegro,7.17
2009,MNE,Montenegro,7.20
2010,MNE,Montenegro,7.34
2011,MNE,Montenegro,7.24
2012,MNE,Montenegro,7.34
2013,MNE,Montenegro,7.49
2014,MNE,Montenegro,7.34
2015,MNE,Montenegro,6.99
2016,MNE,Montenegro,6.86
2017,MNE,Montenegro,6.86
2018,MNE,Montenegro,6.94
1970,MAR,Morocco,5.27
1975,MAR,Morocco,4.88
1980,MAR,Morocco,4.74
1985,MAR,Morocco,5.15
1990,MAR,Morocco,5.34
1995,MAR,Morocco,5.96
2000,MAR,Morocco,5.98
2001,MAR,Morocco,6.05
2002,MAR,Morocco,5.99
2003,MAR,Morocco,6.09
2004,MAR,Morocco,6.07
2005,MAR,Morocco,6.16
2006,MAR,Morocco,6.17
2007,MAR,Morocco,6.23
2008,MAR,Morocco,6.27
2009,MAR,Morocco,6.41
2010,MAR,Morocco,6.46
2011,MAR,Morocco,6.55
2012,MAR,Morocco,6.46
2013,MAR,Morocco,6.48
2014,MAR,Morocco,6.40
2015,MAR,Morocco,6.48
2016,MAR,Morocco,6.50
2017,MAR,Morocco,6.61
2018,MAR,Morocco,6.70
1970,MOZ,Mozambique,
1975,MOZ,Mozambique,
1980,MOZ,Mozambique,
1985,MOZ,Mozambique,
1990,MOZ,Mozambique,
1995,MOZ,Mozambique,
2000,MOZ,Mozambique,
2001,MOZ,Mozambique,
2002,MOZ,Mozambique,
2003,MOZ,Mozambique,5.69
2004,MOZ,Mozambique,5.94
2005,MOZ,Mozambique,5.65
2006,MOZ,Mozambique,5.78
2007,MOZ,Mozambique,5.92
2008,MOZ,Mozambique,5.98
2009,MOZ,Mozambique,5.78
2010,MOZ,Mozambique,5.44
2011,MOZ,Mozambique,5.51
2012,MOZ,Mozambique,5.75
2013,MOZ,Mozambique,5.68
2014,MOZ,Mozambique,5.60
2015,MOZ,Mozambique,5.49
2016,MOZ,Mozambique,5.55
2017,MOZ,Mozambique,5.64
2018,MOZ,Mozambique,5.94
1970,MMR,Myanmar,4.47
1975,MMR,Myanmar,3.35
1980,MMR,Myanmar,4.44
1985,MMR,Myanmar,4.48
1990,MMR,Myanmar,3.43
1995,MMR,Myanmar,3.87
2000,MMR,Myanmar,4.48
2001,MMR,Myanmar,4.23
2002,MMR,Myanmar,3.77
2003,MMR,Myanmar,3.78
2004,MMR,Myanmar,4.00
2005,MMR,Myanmar,4.10
2006,MMR,Myanmar,4.10
2007,MMR,Myanmar,3.83
2008,MMR,Myanmar,4.09
2009,MMR,Myanmar,4.32
2010,MMR,Myanmar,4.44
2011,MMR,Myanmar,4.66
2012,MMR,Myanmar,5.33
2013,MMR,Myanmar,5.59
2014,MMR,Myanmar,5.71
2015,MMR,Myanmar,5.54
2016,MMR,Myanmar,5.70
2017,MMR,Myanmar,5.74
2018,MMR,Myanmar,5.81
1970,NAM,Namibia,
1975,NAM,Namibia,
1980,NAM,Namibia,
1985,NAM,Namibia,
1990,NAM,Namibia,5.53
1995,NAM,Namibia,5.78
2000,NAM,Namibia,6.42
2001,NAM,Namibia,6.36
2002,NAM,Namibia,6.48
2003,NAM,Namibia,6.52
2004,NAM,Namibia,6.42
2005,NAM,Namibia,6.59
2006,NAM,Namibia,6.55
2007,NAM,Namibia,6.80
2008,NAM,Namibia,6.75
2009,NAM,Namibia,6.75
2010,NAM,Namibia,6.69
2011,NAM,Namibia,6.58
2012,NAM,Namibia,6.66
2013,NAM,Namibia,6.63
2014,NAM,Namibia,6.63
2015,NAM,Namibia,6.63
2016,NAM,Namibia,6.43
2017,NAM,Namibia,6.40
2018,NAM,Namibia,6.52
1970,NPL,Nepal,
1975,NPL,Nepal,3.68
1980,NPL,Nepal,4.45
1985,NPL,Nepal,4.61
1990,NPL,Nepal,4.78
1995,NPL,Nepal,5.59
2000,NPL,Nepal,6.10
2001,NPL,Nepal,6.28
2002,NPL,Nepal,6.39
2003,NPL,Nepal,6.39
2004,NPL,Nepal,6.44
2005,NPL,Nepal,6.41
2006,NPL,Nepal,6.57
2007,NPL,Nepal,6.47
2008,NPL,Nepal,6.32
2009,NPL,Nepal,6.24
2010,NPL,Nepal,6.42
2011,NPL,Nepal,6.47
2012,NPL,Nepal,6.48
2013,NPL,Nepal,6.60
2014,NPL,Nepal,6.66
2015,NPL,Nepal,6.49
2016,NPL,Nepal,6.48
2017,NPL,Nepal,6.59
2018,NPL,Nepal,6.48
1970,NLD,Netherlands,7.76
1975,NLD,Netherlands,7.71
1980,NLD,Netherlands,7.85
1985,NLD,Netherlands,7.71
1990,NLD,Netherlands,7.87
1995,NLD,Netherlands,7.88
2000,NLD,Netherlands,7.95
2001,NLD,Netherlands,7.80
2002,NLD,Netherlands,7.80
2003,NLD,Netherlands,7.83
2004,NLD,Netherlands,7.84
2005,NLD,Netherlands,7.85
2006,NLD,Netherlands,7.78
2007,NLD,Netherlands,7.85
2008,NLD,Netherlands,7.79
2009,NLD,Netherlands,7.66
2010,NLD,Netherlands,7.70
2011,NLD,Netherlands,7.75
2012,NLD,Netherlands,7.73
2013,NLD,Netherlands,7.71
2014,NLD,Netherlands,7.82
2015,NLD,Netherlands,7.85
2016,NLD,Netherlands,7.82
2017,NLD,Netherlands,7.72
2018,NLD,Netherlands,7.82
1970,NZL,New Zealand,6.48
1975,NZL,New Zealand,6.26
1980,NZL,New Zealand,6.52
1985,NZL,New Zealand,6.63
1990,NZL,New Zealand,7.95
1995,NZL,New Zealand,8.66
2000,NZL,New Zealand,8.35
2001,NZL,New Zealand,8.23
2002,NZL,New Zealand,8.28
2003,NZL,New Zealand,8.37
2004,NZL,New Zealand,8.35
2005,NZL,New Zealand,8.35
2006,NZL,New Zealand,8.25
2007,NZL,New Zealand,8.35
2008,NZL,New Zealand,8.32
2009,NZL,New Zealand,8.24
2010,NZL,New Zealand,8.24
2011,NZL,New Zealand,8.28
2012,NZL,New Zealand,8.43
2013,NZL,New Zealand,8.44
2014,NZL,New Zealand,8.46
2015,NZL,New Zealand,8.50
2016,NZL,New Zealand,8.53
2017,NZL,New Zealand,8.48
2018,NZL,New Zealand,8.53
1970,NIC,Nicaragua,
1975,NIC,Nicaragua,6.52
1980,NIC,Nicaragua,4.27
1985,NIC,Nicaragua,2.52
1990,NIC,Nicaragua,3.33
1995,NIC,Nicaragua,6.12
2000,NIC,Nicaragua,7.16
2001,NIC,Nicaragua,7.00
2002,NIC,Nicaragua,7.38
2003,NIC,Nicaragua,7.40
2004,NIC,Nicaragua,7.30
2005,NIC,Nicaragua,7.43
2006,NIC,Nicaragua,7.46
2007,NIC,Nicaragua,7.46
2008,NIC,Nicaragua,7.15
2009,NIC,Nicaragua,7.10
2010,NIC,Nicaragua,7.18
2011,NIC,Nicaragua,7.26
2012,NIC,Nicaragua,7.31
2013,NIC,Nicaragua,7.34
2014,NIC,Nicaragua,7.29
2015,NIC,Nicaragua,7.17
2016,NIC,Nicaragua,7.17
2017,NIC,Nicaragua,7.12
2018,NIC,Nicaragua,7.05
1970,NER,Niger,
1975,NER,Niger,5.14
1980,NER,Niger,5.26
1985,NER,Niger,6.01
1990,NER,Niger,5.33
1995,NER,Niger,4.85
2000,NER,Niger,5.16
2001,NER,Niger,4.89
2002,NER,Niger,4.95
2003,NER,Niger,5.16
2004,NER,Niger,5.11
2005,NER,Niger,5.02
2006,NER,Niger,5.27
2007,NER,Niger,5.21
2008,NER,Niger,5.31
2009,NER,Niger,5.67
2010,NER,Niger,5.67
2011,NER,Niger,5.64
2012,NER,Niger,5.54
2013,NER,Niger,5.62
2014,NER,Niger,5.68
2015,NER,Niger,5.71
2016,NER,Niger,5.90
2017,NER,Niger,5.94
2018,NER,Niger,5.85
1970,NGA,Nigeria,2.96
1975,NGA,Nigeria,3.25
1980,NGA,Nigeria,3.57
1985,NGA,Nigeria,4.09
1990,NGA,Nigeria,3.68
1995,NGA,Nigeria,3.59
2000,NGA,Nigeria,5.10
2001,NGA,Nigeria,5.10
2002,NGA,Nigeria,5.49
2003,NGA,Nigeria,5.56
2004,NGA,Nigeria,5.68
2005,NGA,Nigeria,6.26
2006,NGA,Nigeria,6.47
2007,NGA,Nigeria,6.38
2008,NGA,Nigeria,6.14
2009,NGA,Nigeria,6.03
2010,NGA,Nigeria,6.17
2011,NGA,Nigeria,6.49
2012,NGA,Nigeria,6.42
2013,NGA,Nigeria,6.65
2014,NGA,Nigeria,6.65
2015,NGA,Nigeria,6.63
2016,NGA,Nigeria,6.87
2017,NGA,Nigeria,6.83
2018,NGA,Nigeria,6.93
1970,MKD,North Macedonia,
1975,MKD,North Macedonia,
1980,MKD,North Macedonia,
1985,MKD,North Macedonia,
1990,MKD,North Macedonia,
1995,MKD,North Macedonia,
2000,MKD,North Macedonia,
2001,MKD,North Macedonia,
2002,MKD,North Macedonia,
2003,MKD,North Macedonia,6.66
2004,MKD,North Macedonia,6.66
2005,MKD,North Macedonia,6.67
2006,MKD,North Macedonia,6.90
2007,MKD,North Macedonia,7.01
2008,MKD,North Macedonia,7.03
2009,MKD,North Macedonia,7.06
2010,MKD,North Macedonia,7.06
2011,MKD,North Macedonia,7.10
2012,MKD,North Macedonia,7.07
2013,MKD,North Macedonia,7.11
2014,MKD,North Macedonia,7.14
2015,MKD,North Macedonia,7.24
2016,MKD,North Macedonia,7.21
2017,MKD,North Macedonia,7.15
2018,MKD,North Macedonia,7.15
1970,NOR,Norway,6.88
1975,NOR,Norway,6.94
1980,NOR,Norway,6.73
1985,NOR,Norway,7.11
1990,NOR,Norway,7.47
1995,NOR,Norway,7.86
2000,NOR,Norway,7.71
2001,NOR,Norway,7.67
2002,NOR,Norway,7.62
2003,NOR,Norway,7.70
2004,NOR,Norway,7.63
2005,NOR,Norway,7.70
2006,NOR,Norway,7.60
2007,NOR,Norway,7.72
2008,NOR,Norway,7.64
2009,NOR,Norway,7.59
2010,NOR,Norway,7.62
2011,NOR,Norway,7.67
2012,NOR,Norway,7.72
2013,NOR,Norway,7.73
2014,NOR,Norway,7.73
2015,NOR,Norway,7.31
2016,NOR,Norway,7.75
2017,NOR,Norway,7.72
2018,NOR,Norway,7.60
1970,OMN,Oman,
1975,OMN,Oman,5.01
1980,OMN,Oman,5.12
1985,OMN,Oman,6.25
1990,OMN,Oman,6.10
1995,OMN,Oman,6.49
2000,OMN,Oman,6.80
2001,OMN,Oman,6.85
2002,OMN,Oman,6.89
2003,OMN,Oman,6.97
2004,OMN,Oman,6.87
2005,OMN,Oman,6.82
2006,OMN,Oman,6.91
2007,OMN,Oman,7.05
2008,OMN,Oman,6.94
2009,OMN,Oman,6.86
2010,OMN,Oman,6.80
2011,OMN,Oman,6.76
2012,OMN,Oman,6.87
2013,OMN,Oman,6.86
2014,OMN,Oman,6.95
2015,OMN,Oman,6.58
2016,OMN,Oman,6.71
2017,OMN,Oman,6.79
2018,OMN,Oman,6.79
1970,PAK,Pakistan,4.49
1975,PAK,Pakistan,3.95
1980,PAK,Pakistan,4.61
1985,PAK,Pakistan,5.09
1990,PAK,Pakistan,5.13
1995,PAK,Pakistan,5.39
2000,PAK,Pakistan,5.23
2001,PAK,Pakistan,5.44
2002,PAK,Pakistan,5.76
2003,PAK,Pakistan,5.71
2004,PAK,Pakistan,5.68
2005,PAK,Pakistan,5.92
2006,PAK,Pakistan,5.98
2007,PAK,Pakistan,5.96
2008,PAK,Pakistan,5.82
2009,PAK,Pakistan,6.04
2010,PAK,Pakistan,6.04
2011,PAK,Pakistan,6.11
2012,PAK,Pakistan,6.02
2013,PAK,Pakistan,5.95
2014,PAK,Pakistan,5.77
2015,PAK,Pakistan,5.84
2016,PAK,Pakistan,5.90
2017,PAK,Pakistan,5.88
2018,PAK,Pakistan,6.07
1970,PAN,Panama,
1975,PAN,Panama,6.17
1980,PAN,Panama,5.78
1985,PAN,Panama,6.53
1990,PAN,Panama,7.08
1995,PAN,Panama,7.50
2000,PAN,Panama,7.59
2001,PAN,Panama,7.67
2002,PAN,Panama,7.66
2003,PAN,Panama,7.69
2004,PAN,Panama,7.70
2005,PAN,Panama,7.67
2006,PAN,Panama,7.64
2007,PAN,Panama,7.61
2008,PAN,Panama,7.42
2009,PAN,Panama,7.48
2010,PAN,Panama,7.52
2011,PAN,Panama,7.42
2012,PAN,Panama,7.50
2013,PAN,Panama,7.61
2014,PAN,Panama,7.72
2015,PAN,Panama,7.86
2016,PAN,Panama,7.84
2017,PAN,Panama,7.78
2018,PAN,Panama,7.80
1970,PNG,Papua New Guinea,
1975,PNG,Papua New Guinea,
1980,PNG,Papua New Guinea,6.26
1985,PNG,Papua New Guinea,6.50
1990,PNG,Papua New Guinea,6.54
1995,PNG,Papua New Guinea,6.65
2000,PNG,Papua New Guinea,5.81
2001,PNG,Papua New Guinea,5.85
2002,PNG,Papua New Guinea,5.86
2003,PNG,Papua New Guinea,5.78
2004,PNG,Papua New Guinea,5.85
2005,PNG,Papua New Guinea,6.37
2006,PNG,Papua New Guinea,6.44
2007,PNG,Papua New Guinea,6.64
2008,PNG,Papua New Guinea,6.72
2009,PNG,Papua New Guinea,6.80
2010,PNG,Papua New Guinea,6.87
2011,PNG,Papua New Guinea,6.91
2012,PNG,Papua New Guinea,6.92
2013,PNG,Papua New Guinea,6.78
2014,PNG,Papua New Guinea,6.37
2015,PNG,Papua New Guinea,6.26
2016,PNG,Papua New Guinea,6.22
2017,PNG,Papua New Guinea,6.37
2018,PNG,Papua New Guinea,6.39
1970,PRY,Paraguay,5.03
1975,PRY,Paraguay,4.74
1980,PRY,Paraguay,5.31
1985,PRY,Paraguay,4.53
1990,PRY,Paraguay,5.51
1995,PRY,Paraguay,6.79
2000,PRY,Paraguay,6.87
2001,PRY,Paraguay,6.96
2002,PRY,Paraguay,6.85
2003,PRY,Paraguay,6.80
2004,PRY,Paraguay,6.85
2005,PRY,Paraguay,6.96
2006,PRY,Paraguay,6.91
2007,PRY,Paraguay,6.90
2008,PRY,Paraguay,7.01
2009,PRY,Paraguay,7.04
2010,PRY,Paraguay,7.11
2011,PRY,Paraguay,7.20
2012,PRY,Paraguay,7.10
2013,PRY,Paraguay,7.08
2014,PRY,Paraguay,7.02
2015,PRY,Paraguay,7.04
2016,PRY,Paraguay,7.11
2017,PRY,Paraguay,7.17
2018,PRY,Paraguay,7.23
1970,PER,Peru,4.28
1975,PER,Peru,3.48
1980,PER,Peru,3.61
1985,PER,Peru,2.97
1990,PER,Peru,4.29
1995,PER,Peru,6.45
2000,PER,Peru,7.46
2001,PER,Peru,7.68
2002,PER,Peru,7.75
2003,PER,Peru,7.73
2004,PER,Peru,7.73
2005,PER,Peru,7.69
2006,PER,Peru,7.65
2007,PER,Peru,7.62
2008,PER,Peru,7.70
2009,PER,Peru,7.70
2010,PER,Peru,7.81
2011,PER,Peru,7.83
2012,PER,Peru,7.74
2013,PER,Peru,7.71
2014,PER,Peru,7.73
2015,PER,Peru,7.76
2016,PER,Peru,7.72
2017,PER,Peru,7.73
2018,PER,Peru,7.76
1970,PHL,Philippines,4.80
1975,PHL,Philippines,4.80
1980,PHL,Philippines,5.19
1985,PHL,Philippines,5.16
1990,PHL,Philippines,5.99
1995,PHL,Philippines,7.31
2000,PHL,Philippines,7.04
2001,PHL,Philippines,7.01
2002,PHL,Philippines,7.11
2003,PHL,Philippines,7.17
2004,PHL,Philippines,6.96
2005,PHL,Philippines,7.01
2006,PHL,Philippines,7.05
2007,PHL,Philippines,7.03
2008,PHL,Philippines,6.92
2009,PHL,Philippines,6.88
2010,PHL,Philippines,7.16
2011,PHL,Philippines,7.22
2012,PHL,Philippines,7.25
2013,PHL,Philippines,7.50
2014,PHL,Philippines,7.43
2015,PHL,Philippines,7.49
2016,PHL,Philippines,7.40
2017,PHL,Philippines,7.39
2018,PHL,Philippines,7.43
1970,POL,Poland,
1975,POL,Poland,
1980,POL,Poland,
1985,POL,Poland,3.83
1990,POL,Poland,4.04
1995,POL,Poland,5.69
2000,POL,Poland,6.47
2001,POL,Poland,6.49
2002,POL,Poland,6.72
2003,POL,Poland,6.71
2004,POL,Poland,6.96
2005,POL,Poland,6.99
2006,POL,Poland,7.04
2007,POL,Poland,7.03
2008,POL,Poland,7.09
2009,POL,Poland,7.16
2010,POL,Poland,7.17
2011,POL,Poland,7.27
2012,POL,Poland,7.36
2013,POL,Poland,7.27
2014,POL,Poland,7.47
2015,POL,Poland,7.45
2016,POL,Poland,7.33
2017,POL,Poland,7.31
2018,POL,Poland,7.04
1970,PRT,Portugal,5.99
1975,PRT,Portugal,4.69
1980,PRT,Portugal,5.55
1985,PRT,Portugal,5.70
1990,PRT,Portugal,6.28
1995,PRT,Portugal,7.39
2000,PRT,Portugal,7.59
2001,PRT,Portugal,7.48
2002,PRT,Portugal,7.58
2003,PRT,Portugal,7.57
2004,PRT,Portugal,7.61
2005,PRT,Portugal,7.38
2006,PRT,Portugal,7.47
2007,PRT,Portugal,7.47
2008,PRT,Portugal,7.40
2009,PRT,Portugal,7.23
2010,PRT,Portugal,7.28
2011,PRT,Portugal,7.50
2012,PRT,Portugal,7.57
2013,PRT,Portugal,7.69
2014,PRT,Portugal,7.67
2015,PRT,Portugal,7.64
2016,PRT,Portugal,7.57
2017,PRT,Portugal,7.58
2018,PRT,Portugal,7.60
1970,QAT,Qatar,
1975,QAT,Qatar,
1980,QAT,Qatar,
1985,QAT,Qatar,
1990,QAT,Qatar,
1995,QAT,Qatar,
2000,QAT,Qatar,
2001,QAT,Qatar,
2002,QAT,Qatar,
2003,QAT,Qatar,
2004,QAT,Qatar,
2005,QAT,Qatar,
2006,QAT,Qatar,
2007,QAT,Qatar,
2008,QAT,Qatar,
2009,QAT,Qatar,
2010,QAT,Qatar,7.00
2011,QAT,Qatar,6.93
2012,QAT,Qatar,7.11
2013,QAT,Qatar,7.14
2014,QAT,Qatar,7.28
2015,QAT,Qatar,7.03
2016,QAT,Qatar,7.09
2017,QAT,Qatar,6.96
2018,QAT,Qatar,6.88
1970,ROU,Romania,
1975,ROU,Romania,
1980,ROU,Romania,3.32
1985,ROU,Romania,4.01
1990,ROU,Romania,4.27
1995,ROU,Romania,4.36
2000,ROU,Romania,5.55
2001,ROU,Romania,5.83
2002,ROU,Romania,6.45
2003,ROU,Romania,6.56
2004,ROU,Romania,6.69
2005,ROU,Romania,7.28
2006,ROU,Romania,7.14
2007,ROU,Romania,7.53
2008,ROU,Romania,7.40
2009,ROU,Romania,7.50
2010,ROU,Romania,7.49
2011,ROU,Romania,7.51
2012,ROU,Romania,7.63
2013,ROU,Romania,7.78
2014,ROU,Romania,7.87
2015,ROU,Romania,7.86
2016,ROU,Romania,7.89
2017,ROU,Romania,7.86
2018,ROU,Romania,7.83
1970,RUS,Russian Federation,
1975,RUS,Russian Federation,3.34
1980,RUS,Russian Federation,3.42
1985,RUS,Russian Federation,3.54
1990,RUS,Russian Federation,3.60
1995,RUS,Russian Federation,4.63
2000,RUS,Russian Federation,5.22
2001,RUS,Russian Federation,5.31
2002,RUS,Russian Federation,5.68
2003,RUS,Russian Federation,5.73
2004,RUS,Russian Federation,6.07
2005,RUS,Russian Federation,6.05
2006,RUS,Russian Federation,6.11
2007,RUS,Russian Federation,6.35
2008,RUS,Russian Federation,6.40
2009,RUS,Russian Federation,6.32
2010,RUS,Russian Federation,6.48
2011,RUS,Russian Federation,6.51
2012,RUS,Russian Federation,6.60
2013,RUS,Russian Federation,6.55
2014,RUS,Russian Federation,6.52
2015,RUS,Russian Federation,6.54
2016,RUS,Russian Federation,6.70
2017,RUS,Russian Federation,6.75
2018,RUS,Russian Federation,6.74
1970,RWA,Rwanda,
1975,RWA,Rwanda,2.61
1980,RWA,Rwanda,3.76
1985,RWA,Rwanda,3.88
1990,RWA,Rwanda,4.31
1995,RWA,Rwanda,4.10
2000,RWA,Rwanda,5.94
2001,RWA,Rwanda,6.03
2002,RWA,Rwanda,6.18
2003,RWA,Rwanda,6.10
2004,RWA,Rwanda,6.11
2005,RWA,Rwanda,6.23
2006,RWA,Rwanda,6.31
2007,RWA,Rwanda,6.46
2008,RWA,Rwanda,6.67
2009,RWA,Rwanda,6.83
2010,RWA,Rwanda,7.13
2011,RWA,Rwanda,7.10
2012,RWA,Rwanda,7.26
2013,RWA,Rwanda,7.24
2014,RWA,Rwanda,7.25
2015,RWA,Rwanda,7.29
2016,RWA,Rwanda,7.23
2017,RWA,Rwanda,7.19
2018,RWA,Rwanda,7.39
1970,SAU,Saudi Arabia,
1975,SAU,Saudi Arabia,
1980,SAU,Saudi Arabia,
1985,SAU,Saudi Arabia,
1990,SAU,Saudi Arabia,
1995,SAU,Saudi Arabia,
2000,SAU,Saudi Arabia,
2001,SAU,Saudi Arabia,
2002,SAU,Saudi Arabia,
2003,SAU,Saudi Arabia,
2004,SAU,Saudi Arabia,
2005,SAU,Saudi Arabia,
2006,SAU,Saudi Arabia,
2007,SAU,Saudi Arabia,
2008,SAU,Saudi Arabia,
2009,SAU,Saudi Arabia,
2010,SAU,Saudi Arabia,6.46
2011,SAU,Saudi Arabia,6.28
2012,SAU,Saudi Arabia,6.13
2013,SAU,Saudi Arabia,6.23
2014,SAU,Saudi Arabia,6.19
2015,SAU,Saudi Arabia,5.93
2016,SAU,Saudi Arabia,6.29
2017,SAU,Saudi Arabia,6.27
2018,SAU,Saudi Arabia,6.31
1970,SEN,Senegal,4.00
1975,SEN,Senegal,4.49
1980,SEN,Senegal,4.42
1985,SEN,Senegal,5.14
1990,SEN,Senegal,5.41
1995,SEN,Senegal,4.99
2000,SEN,Senegal,5.81
2001,SEN,Senegal,5.69
2002,SEN,Senegal,5.82
2003,SEN,Senegal,5.77
2004,SEN,Senegal,5.75
2005,SEN,Senegal,5.83
2006,SEN,Senegal,5.80
2007,SEN,Senegal,5.82
2008,SEN,Senegal,5.87
2009,SEN,Senegal,5.99
2010,SEN,Senegal,5.74
2011,SEN,Senegal,5.72
2012,SEN,Senegal,5.70
2013,SEN,Senegal,5.97
2014,SEN,Senegal,5.99
2015,SEN,Senegal,5.98
2016,SEN,Senegal,6.09
2017,SEN,Senegal,6.11
2018,SEN,Senegal,6.27
1970,SRB,Serbia,
1975,SRB,Serbia,
1980,SRB,Serbia,
1985,SRB,Serbia,
1990,SRB,Serbia,
1995,SRB,Serbia,
2000,SRB,Serbia,
2001,SRB,Serbia,
2002,SRB,Serbia,
2003,SRB,Serbia,
2004,SRB,Serbia,
2005,SRB,Serbia,6.02
2006,SRB,Serbia,6.57
2007,SRB,Serbia,6.85
2008,SRB,Serbia,6.70
2009,SRB,Serbia,6.72
2010,SRB,Serbia,6.70
2011,SRB,Serbia,6.78
2012,SRB,Serbia,6.74
2013,SRB,Serbia,6.77
2014,SRB,Serbia,6.80
2015,SRB,Serbia,6.91
2016,SRB,Serbia,6.97
2017,SRB,Serbia,7.01
2018,SRB,Serbia,7.05
1970,SYC,Seychelles,
1975,SYC,Seychelles,
1980,SYC,Seychelles,
1985,SYC,Seychelles,
1990,SYC,Seychelles,
1995,SYC,Seychelles,
2000,SYC,Seychelles,
2001,SYC,Seychelles,
2002,SYC,Seychelles,
2003,SYC,Seychelles,
2004,SYC,Seychelles,
2005,SYC,Seychelles,
2006,SYC,Seychelles,
2007,SYC,Seychelles,
2008,SYC,Seychelles,
2009,SYC,Seychelles,
2010,SYC,Seychelles,
2011,SYC,Seychelles,
2012,SYC,Seychelles,
2013,SYC,Seychelles,7.29
2014,SYC,Seychelles,7.48
2015,SYC,Seychelles,7.43
2016,SYC,Seychelles,7.44
2017,SYC,Seychelles,7.37
2018,SYC,Seychelles,7.49
1970,SLE,Sierra Leone,
1975,SLE,Sierra Leone,5.13
1980,SLE,Sierra Leone,4.37
1985,SLE,Sierra Leone,3.34
1990,SLE,Sierra Leone,3.64
1995,SLE,Sierra Leone,4.55
2000,SLE,Sierra Leone,5.14
2001,SLE,Sierra Leone,5.17
2002,SLE,Sierra Leone,5.34
2003,SLE,Sierra Leone,5.30
2004,SLE,Sierra Leone,5.42
2005,SLE,Sierra Leone,5.64
2006,SLE,Sierra Leone,6.00
2007,SLE,Sierra Leone,6.33
2008,SLE,Sierra Leone,6.28
2009,SLE,Sierra Leone,6.35
2010,SLE,Sierra Leone,6.25
2011,SLE,Sierra Leone,6.02
2012,SLE,Sierra Leone,6.24
2013,SLE,Sierra Leone,6.00
2014,SLE,Sierra Leone,5.93
2015,SLE,Sierra Leone,5.67
2016,SLE,Sierra Leone,5.68
2017,SLE,Sierra Leone,5.61
2018,SLE,Sierra Leone,5.87
1970,SGP,Singapore,6.46
1975,SGP,Singapore,6.68
1980,SGP,Singapore,6.98
1985,SGP,Singapore,7.58
1990,SGP,Singapore,8.30
1995,SGP,Singapore,8.61
2000,SGP,Singapore,8.50
2001,SGP,Singapore,8.46
2002,SGP,Singapore,8.63
2003,SGP,Singapore,8.61
2004,SGP,Singapore,8.63
2005,SGP,Singapore,8.65
2006,SGP,Singapore,8.67
2007,SGP,Singapore,8.67
2008,SGP,Singapore,8.64
2009,SGP,Singapore,8.60
2010,SGP,Singapore,8.55
2011,SGP,Singapore,8.54
2012,SGP,Singapore,8.44
2013,SGP,Singapore,8.46
2014,SGP,Singapore,8.64
2015,SGP,Singapore,8.64
2016,SGP,Singapore,8.65
2017,SGP,Singapore,8.70
2018,SGP,Singapore,8.65
1970,SVK,Slovak Republic,
1975,SVK,Slovak Republic,
1980,SVK,Slovak Republic,
1985,SVK,Slovak Republic,
1990,SVK,Slovak Republic,
1995,SVK,Slovak Republic,6.10
2000,SVK,Slovak Republic,6.90
2001,SVK,Slovak Republic,6.88
2002,SVK,Slovak Republic,6.96
2003,SVK,Slovak Republic,7.03
2004,SVK,Slovak Republic,7.59
2005,SVK,Slovak Republic,7.67
2006,SVK,Slovak Republic,7.64
2007,SVK,Slovak Republic,7.75
2008,SVK,Slovak Republic,7.76
2009,SVK,Slovak Republic,7.66
2010,SVK,Slovak Republic,7.69
2011,SVK,Slovak Republic,7.70
2012,SVK,Slovak Republic,7.63
2013,SVK,Slovak Republic,7.64
2014,SVK,Slovak Republic,7.69
2015,SVK,Slovak Republic,7.53
2016,SVK,Slovak Republic,7.62
2017,SVK,Slovak Republic,7.60
2018,SVK,Slovak Republic,7.63
1970,SVN,Slovenia,
1975,SVN,Slovenia,
1980,SVN,Slovenia,
1985,SVN,Slovenia,
1990,SVN,Slovenia,
1995,SVN,Slovenia,5.58
2000,SVN,Slovenia,6.68
2001,SVN,Slovenia,6.92
2002,SVN,Slovenia,6.94
2003,SVN,Slovenia,7.08
2004,SVN,Slovenia,7.07
2005,SVN,Slovenia,7.04
2006,SVN,Slovenia,7.11
2007,SVN,Slovenia,7.22
2008,SVN,Slovenia,7.25
2009,SVN,Slovenia,7.22
2010,SVN,Slovenia,7.10
2011,SVN,Slovenia,7.16
2012,SVN,Slovenia,7.17
2013,SVN,Slovenia,7.09
2014,SVN,Slovenia,7.31
2015,SVN,Slovenia,7.33
2016,SVN,Slovenia,7.31
2017,SVN,Slovenia,7.30
2018,SVN,Slovenia,7.33
1970,ZAF,South Africa,5.69
1975,ZAF,South Africa,5.35
1980,ZAF,South Africa,5.25
1985,ZAF,South Africa,5.25
1990,ZAF,South Africa,5.57
1995,ZAF,South Africa,6.28
2000,ZAF,South Africa,6.99
2001,ZAF,South Africa,6.98
2002,ZAF,South Africa,6.93
2003,ZAF,South Africa,6.95
2004,ZAF,South Africa,6.92
2005,ZAF,South Africa,6.95
2006,ZAF,South Africa,6.89
2007,ZAF,South Africa,6.88
2008,ZAF,South Africa,6.74
2009,ZAF,South Africa,6.73
2010,ZAF,South Africa,6.86
2011,ZAF,South Africa,6.91
2012,ZAF,South Africa,6.87
2013,ZAF,South Africa,6.92
2014,ZAF,South Africa,6.81
2015,ZAF,South Africa,6.77
2016,ZAF,South Africa,6.67
2017,ZAF,South Africa,6.68
2018,ZAF,South Africa,6.73
1970,ESP,Spain,6.17
1975,ESP,Spain,6.18
1980,ESP,Spain,6.50
1985,ESP,Spain,6.80
1990,ESP,Spain,6.98
1995,ESP,Spain,7.63
2000,ESP,Spain,7.84
2001,ESP,Spain,7.82
2002,ESP,Spain,7.82
2003,ESP,Spain,7.93
2004,ESP,Spain,7.95
2005,ESP,Spain,7.82
2006,ESP,Spain,7.77
2007,ESP,Spain,7.75
2008,ESP,Spain,7.70
2009,ESP,Spain,7.53
2010,ESP,Spain,7.65
2011,ESP,Spain,7.76
2012,ESP,Spain,7.62
2013,ESP,Spain,7.61
2014,ESP,Spain,7.69
2015,ESP,Spain,7.77
2016,ESP,Spain,7.79
2017,ESP,Spain,7.66
2018,ESP,Spain,7.73
1970,LKA,Sri Lanka,4.25
1975,LKA,Sri Lanka,4.34
1980,LKA,Sri Lanka,4.96
1985,LKA,Sri Lanka,5.26
1990,LKA,Sri Lanka,5.36
1995,LKA,Sri Lanka,6.45
2000,LKA,Sri Lanka,6.57
2001,LKA,Sri Lanka,6.43
2002,LKA,Sri Lanka,6.53
2003,LKA,Sri Lanka,6.62
2004,LKA,Sri Lanka,6.48
2005,LKA,Sri Lanka,6.32
2006,LKA,Sri Lanka,6.40
2007,LKA,Sri Lanka,6.26
2008,LKA,Sri Lanka,6.09
2009,LKA,Sri Lanka,6.19
2010,LKA,Sri Lanka,6.46
2011,LKA,Sri Lanka,6.56
2012,LKA,Sri Lanka,6.59
2013,LKA,Sri Lanka,6.73
2014,LKA,Sri Lanka,6.62
2015,LKA,Sri Lanka,6.72
2016,LKA,Sri Lanka,6.70
2017,LKA,Sri Lanka,6.64
2018,LKA,Sri Lanka,6.88
1970,SDN,Sudan,
1975,SDN,Sudan,
1980,SDN,Sudan,
1985,SDN,Sudan,
1990,SDN,Sudan,
1995,SDN,Sudan,
2000,SDN,Sudan,
2001,SDN,Sudan,
2002,SDN,Sudan,
2003,SDN,Sudan,
2004,SDN,Sudan,
2005,SDN,Sudan,
2006,SDN,Sudan,
2007,SDN,Sudan,
2008,SDN,Sudan,
2009,SDN,Sudan,
2010,SDN,Sudan,
2011,SDN,Sudan,
2012,SDN,Sudan,
2013,SDN,Sudan,
2014,SDN,Sudan,
2015,SDN,Sudan,
2016,SDN,Sudan,4.95
2017,SDN,Sudan,4.49
2018,SDN,Sudan,4.21
1970,SUR,Suriname,
1975,SUR,Suriname,
1980,SUR,Suriname,
1985,SUR,Suriname,
1990,SUR,Suriname,
1995,SUR,Suriname,
2000,SUR,Suriname,
2001,SUR,Suriname,
2002,SUR,Suriname,
2003,SUR,Suriname,
2004,SUR,Suriname,
2005,SUR,Suriname,
2006,SUR,Suriname,
2007,SUR,Suriname,
2008,SUR,Suriname,
2009,SUR,Suriname,
2010,SUR,Suriname,6.51
2011,SUR,Suriname,6.37
2012,SUR,Suriname,6.54
2013,SUR,Suriname,6.63
2014,SUR,Suriname,6.57
2015,SUR,Suriname,6.61
2016,SUR,Suriname,5.75
2017,SUR,Suriname,6.32
2018,SUR,Suriname,6.37
1970,SWE,Sweden,7.32
1975,SWE,Sweden,7.40
1980,SWE,Sweden,7.19
1985,SWE,Sweden,7.58
1990,SWE,Sweden,7.56
1995,SWE,Sweden,7.60
2000,SWE,Sweden,7.83
2001,SWE,Sweden,7.66
2002,SWE,Sweden,7.73
2003,SWE,Sweden,7.74
2004,SWE,Sweden,7.73
2005,SWE,Sweden,7.69
2006,SWE,Sweden,7.65
2007,SWE,Sweden,7.64
2008,SWE,Sweden,7.62
2009,SWE,Sweden,7.64
2010,SWE,Sweden,7.81
2011,SWE,Sweden,7.79
2012,SWE,Sweden,7.77
2013,SWE,Sweden,7.75
2014,SWE,Sweden,7.85
2015,SWE,Sweden,7.87
2016,SWE,Sweden,7.73
2017,SWE,Sweden,7.67
2018,SWE,Sweden,7.58
1970,CHE,Switzerland,7.37
1975,CHE,Switzerland,7.39
1980,CHE,Switzerland,8.00
1985,CHE,Switzerland,8.57
1990,CHE,Switzerland,8.53
1995,CHE,Switzerland,8.34
2000,CHE,Switzerland,8.69
2001,CHE,Switzerland,8.59
2002,CHE,Switzerland,8.71
2003,CHE,Switzerland,8.62
2004,CHE,Switzerland,8.57
2005,CHE,Switzerland,8.43
2006,CHE,Switzerland,8.48
2007,CHE,Switzerland,8.51
2008,CHE,Switzerland,8.35
2009,CHE,Switzerland,8.36
2010,CHE,Switzerland,8.40
2011,CHE,Switzerland,8.33
2012,CHE,Switzerland,8.34
2013,CHE,Switzerland,8.33
2014,CHE,Switzerland,8.40
2015,CHE,Switzerland,8.43
2016,CHE,Switzerland,8.46
2017,CHE,Switzerland,8.42
2018,CHE,Switzerland,8.43
1970,SYR,Syrian Arab Republic,2.92
1975,SYR,Syrian Arab Republic,3.36
1980,SYR,Syrian Arab Republic,3.18
1985,SYR,Syrian Arab Republic,2.85
1990,SYR,Syrian Arab Republic,3.43
1995,SYR,Syrian Arab Republic,3.97
2000,SYR,Syrian Arab Republic,5.17
2001,SYR,Syrian Arab Republic,5.48
2002,SYR,Syrian Arab Republic,5.20
2003,SYR,Syrian Arab Republic,5.16
2004,SYR,Syrian Arab Republic,5.38
2005,SYR,Syrian Arab Republic,5.50
2006,SYR,Syrian Arab Republic,5.44
2007,SYR,Syrian Arab Republic,5.65
2008,SYR,Syrian Arab Republic,5.43
2009,SYR,Syrian Arab Republic,5.63
2010,SYR,Syrian Arab Republic,5.67
2011,SYR,Syrian Arab Republic,5.91
2012,SYR,Syrian Arab Republic,4.92
2013,SYR,Syrian Arab Republic,4.60
2014,SYR,Syrian Arab Republic,4.87
2015,SYR,Syrian Arab Republic,4.83
2016,SYR,Syrian Arab Republic,4.88
2017,SYR,Syrian Arab Republic,5.05
2018,SYR,Syrian Arab Republic,5.45
1970,TWN,Taiwan,6.01
1975,TWN,Taiwan,5.88
1980,TWN,Taiwan,6.11
1985,TWN,Taiwan,6.59
1990,TWN,Taiwan,7.13
1995,TWN,Taiwan,7.44
2000,TWN,Taiwan,7.31
2001,TWN,Taiwan,7.26
2002,TWN,Taiwan,7.37
2003,TWN,Taiwan,7.37
2004,TWN,Taiwan,7.38
2005,TWN,Taiwan,7.45
2006,TWN,Taiwan,7.48
2007,TWN,Taiwan,7.44
2008,TWN,Taiwan,7.43
2009,TWN,Taiwan,7.46
2010,TWN,Taiwan,7.57
2011,TWN,Taiwan,7.50
2012,TWN,Taiwan,7.53
2013,TWN,Taiwan,7.62
2014,TWN,Taiwan,7.62
2015,TWN,Taiwan,7.70
2016,TWN,Taiwan,7.83
2017,TWN,Taiwan,7.84
2018,TWN,Taiwan,7.94
1970,TJK,Tajikistan,
1975,TJK,Tajikistan,
1980,TJK,Tajikistan,
1985,TJK,Tajikistan,
1990,TJK,Tajikistan,
1995,TJK,Tajikistan,
2000,TJK,Tajikistan,
2001,TJK,Tajikistan,
2002,TJK,Tajikistan,
2003,TJK,Tajikistan,
2004,TJK,Tajikistan,
2005,TJK,Tajikistan,
2006,TJK,Tajikistan,
2007,TJK,Tajikistan,
2008,TJK,Tajikistan,
2009,TJK,Tajikistan,
2010,TJK,Tajikistan,6.08
2011,TJK,Tajikistan,6.18
2012,TJK,Tajikistan,6.39
2013,TJK,Tajikistan,6.07
2014,TJK,Tajikistan,6.14
2015,TJK,Tajikistan,6.03
2016,TJK,Tajikistan,6.02
2017,TJK,Tajikistan,5.86
2018,TJK,Tajikistan,6.05
1970,TZA,Tanzania,3.82
1975,TZA,Tanzania,3.25
1980,TZA,Tanzania,3.76
1985,TZA,Tanzania,3.94
1990,TZA,Tanzania,4.28
1995,TZA,Tanzania,5.71
2000,TZA,Tanzania,6.27
2001,TZA,Tanzania,6.30
2002,TZA,Tanzania,6.32
2003,TZA,Tanzania,6.40
2004,TZA,Tanzania,6.39
2005,TZA,Tanzania,6.32
2006,TZA,Tanzania,6.43
2007,TZA,Tanzania,6.38
2008,TZA,Tanzania,6.33
2009,TZA,Tanzania,6.52
2010,TZA,Tanzania,6.67
2011,TZA,Tanzania,6.67
2012,TZA,Tanzania,6.60
2013,TZA,Tanzania,6.81
2014,TZA,Tanzania,6.75
2015,TZA,Tanzania,6.87
2016,TZA,Tanzania,6.74
2017,TZA,Tanzania,6.78
2018,TZA,Tanzania,6.73
1970,THA,Thailand,5.60
1975,THA,Thailand,5.91
1980,THA,Thailand,5.73
1985,THA,Thailand,5.96
1990,THA,Thailand,6.62
1995,THA,Thailand,7.27
2000,THA,Thailand,6.48
2001,THA,Thailand,6.52
2002,THA,Thailand,6.60
2003,THA,Thailand,6.71
2004,THA,Thailand,6.71
2005,THA,Thailand,6.58
2006,THA,Thailand,6.68
2007,THA,Thailand,6.70
2008,THA,Thailand,6.75
2009,THA,Thailand,6.59
2010,THA,Thailand,6.55
2011,THA,Thailand,6.53
2012,THA,Thailand,6.51
2013,THA,Thailand,6.53
2014,THA,Thailand,6.50
2015,THA,Thailand,6.72
2016,THA,Thailand,6.73
2017,THA,Thailand,6.75
2018,THA,Thailand,6.75
1970,TLS,Timor-Leste,
1975,TLS,Timor-Leste,
1980,TLS,Timor-Leste,
1985,TLS,Timor-Leste,
1990,TLS,Timor-Leste,
1995,TLS,Timor-Leste,
2000,TLS,Timor-Leste,
2001,TLS,Timor-Leste,
2002,TLS,Timor-Leste,
2003,TLS,Timor-Leste,
2004,TLS,Timor-Leste,
2005,TLS,Timor-Leste,
2006,TLS,Timor-Leste,
2007,TLS,Timor-Leste,
2008,TLS,Timor-Leste,
2009,TLS,Timor-Leste,
2010,TLS,Timor-Leste,6.43
2011,TLS,Timor-Leste,6.49
2012,TLS,Timor-Leste,6.41
2013,TLS,Timor-Leste,6.45
2014,TLS,Timor-Leste,6.40
2015,TLS,Timor-Leste,6.36
2016,TLS,Timor-Leste,6.47
2017,TLS,Timor-Leste,6.36
2018,TLS,Timor-Leste,6.29
1970,TGO,Togo,
1975,TGO,Togo,4.90
1980,TGO,Togo,4.16
1985,TGO,Togo,4.83
1990,TGO,Togo,5.16
1995,TGO,Togo,4.73
2000,TGO,Togo,5.46
2001,TGO,Togo,5.50
2002,TGO,Togo,5.67
2003,TGO,Togo,5.66
2004,TGO,Togo,5.64
2005,TGO,Togo,5.60
2006,TGO,Togo,5.88
2007,TGO,Togo,5.76
2008,TGO,Togo,5.72
2009,TGO,Togo,5.62
2010,TGO,Togo,5.42
2011,TGO,Togo,5.48
2012,TGO,Togo,5.38
2013,TGO,Togo,5.90
2014,TGO,Togo,5.83
2015,TGO,Togo,5.85
2016,TGO,Togo,5.87
2017,TGO,Togo,6.19
2018,TGO,Togo,6.25
1970,TTO,Trinidad and Tobago,
1975,TTO,Trinidad and Tobago,4.83
1980,TTO,Trinidad and Tobago,4.87
1985,TTO,Trinidad and Tobago,4.85
1990,TTO,Trinidad and Tobago,5.27
1995,TTO,Trinidad and Tobago,6.86
2000,TTO,Trinidad and Tobago,7.21
2001,TTO,Trinidad and Tobago,7.24
2002,TTO,Trinidad and Tobago,7.28
2003,TTO,Trinidad and Tobago,7.23
2004,TTO,Trinidad and Tobago,7.30
2005,TTO,Trinidad and Tobago,7.16
2006,TTO,Trinidad and Tobago,7.28
2007,TTO,Trinidad and Tobago,7.32
2008,TTO,Trinidad and Tobago,7.18
2009,TTO,Trinidad and Tobago,7.03
2010,TTO,Trinidad and Tobago,7.04
2011,TTO,Trinidad and Tobago,7.03
2012,TTO,Trinidad and Tobago,6.98
2013,TTO,Trinidad and Tobago,7.21
2014,TTO,Trinidad and Tobago,7.19
2015,TTO,Trinidad and Tobago,6.91
2016,TTO,Trinidad and Tobago,7.23
2017,TTO,Trinidad and Tobago,7.18
2018,TTO,Trinidad and Tobago,7.26
1970,TUN,Tunisia,5.40
1975,TUN,Tunisia,5.45
1980,TUN,Tunisia,5.39
1985,TUN,Tunisia,5.36
1990,TUN,Tunisia,5.77
1995,TUN,Tunisia,5.84
2000,TUN,Tunisia,6.46
2001,TUN,Tunisia,6.47
2002,TUN,Tunisia,6.35
2003,TUN,Tunisia,6.35
2004,TUN,Tunisia,6.43
2005,TUN,Tunisia,6.42
2006,TUN,Tunisia,6.41
2007,TUN,Tunisia,6.40
2008,TUN,Tunisia,6.38
2009,TUN,Tunisia,6.37
2010,TUN,Tunisia,6.23
2011,TUN,Tunisia,6.50
2012,TUN,Tunisia,6.28
2013,TUN,Tunisia,6.34
2014,TUN,Tunisia,6.41
2015,TUN,Tunisia,6.29
2016,TUN,Tunisia,6.20
2017,TUN,Tunisia,6.11
2018,TUN,Tunisia,6.07
1970,TUR,Turkey,3.61
1975,TUR,Turkey,4.41
1980,TUR,Turkey,3.68
1985,TUR,Turkey,4.83
1990,TUR,Turkey,5.39
1995,TUR,Turkey,6.06
2000,TUR,Turkey,5.77
2001,TUR,Turkey,5.69
2002,TUR,Turkey,5.94
2003,TUR,Turkey,6.23
2004,TUR,Turkey,6.32
2005,TUR,Turkey,6.37
2006,TUR,Turkey,6.40
2007,TUR,Turkey,6.53
2008,TUR,Turkey,6.99
2009,TUR,Turkey,6.88
2010,TUR,Turkey,6.96
2011,TUR,Turkey,7.08
2012,TUR,Turkey,7.03
2013,TUR,Turkey,6.92
2014,TUR,Turkey,6.95
2015,TUR,Turkey,6.94
2016,TUR,Turkey,6.91
2017,TUR,Turkey,6.73
2018,TUR,Turkey,6.62
1970,UGA,Uganda,
1975,UGA,Uganda,5.22
1980,UGA,Uganda,4.38
1985,UGA,Uganda,2.88
1990,UGA,Uganda,3.02
1995,UGA,Uganda,5.21
2000,UGA,Uganda,6.89
2001,UGA,Uganda,6.85
2002,UGA,Uganda,6.88
2003,UGA,Uganda,6.90
2004,UGA,Uganda,6.89
2005,UGA,Uganda,6.99
2006,UGA,Uganda,7.19
2007,UGA,Uganda,7.28
2008,UGA,Uganda,7.33
2009,UGA,Uganda,7.43
2010,UGA,Uganda,7.43
2011,UGA,Uganda,7.23
2012,UGA,Uganda,7.31
2013,UGA,Uganda,7.42
2014,UGA,Uganda,7.41
2015,UGA,Uganda,7.41
2016,UGA,Uganda,7.40
2017,UGA,Uganda,7.56
2018,UGA,Uganda,7.55
1970,UKR,Ukraine,
1975,UKR,Ukraine,
1980,UKR,Ukraine,
1985,UKR,Ukraine,
1990,UKR,Ukraine,
1995,UKR,Ukraine,3.71
2000,UKR,Ukraine,4.91
2001,UKR,Ukraine,5.23
2002,UKR,Ukraine,5.71
2003,UKR,Ukraine,5.64
2004,UKR,Ukraine,5.80
2005,UKR,Ukraine,5.80
2006,UKR,Ukraine,5.95
2007,UKR,Ukraine,5.92
2008,UKR,Ukraine,5.90
2009,UKR,Ukraine,5.86
2010,UKR,Ukraine,5.90
2011,UKR,Ukraine,6.12
2012,UKR,Ukraine,6.20
2013,UKR,Ukraine,6.13
2014,UKR,Ukraine,5.96
2015,UKR,Ukraine,5.36
2016,UKR,Ukraine,5.84
2017,UKR,Ukraine,5.86
2018,UKR,Ukraine,6.06
1970,ARE,United Arab Emirates,
1975,ARE,United Arab Emirates,4.91
1980,ARE,United Arab Emirates,5.17
1985,ARE,United Arab Emirates,5.55
1990,ARE,United Arab Emirates,6.11
1995,ARE,United Arab Emirates,6.67
2000,ARE,United Arab Emirates,7.04
2001,ARE,United Arab Emirates,7.03
2002,ARE,United Arab Emirates,7.24
2003,ARE,United Arab Emirates,7.21
2004,ARE,United Arab Emirates,7.20
2005,ARE,United Arab Emirates,7.18
2006,ARE,United Arab Emirates,7.38
2007,ARE,United Arab Emirates,7.47
2008,ARE,United Arab Emirates,7.44
2009,ARE,United Arab Emirates,7.25
2010,ARE,United Arab Emirates,7.43
2011,ARE,United Arab Emirates,7.49
2012,ARE,United Arab Emirates,7.49
2013,ARE,United Arab Emirates,7.40
2014,ARE,United Arab Emirates,7.29
2015,ARE,United Arab Emirates,7.14
2016,ARE,United Arab Emirates,7.27
2017,ARE,United Arab Emirates,7.10
2018,ARE,United Arab Emirates,7.05
1970,GBR,United Kingdom,6.29
1975,GBR,United Kingdom,6.44
1980,GBR,United Kingdom,7.21
1985,GBR,United Kingdom,8.32
1990,GBR,United Kingdom,8.50
1995,GBR,United Kingdom,8.35
2000,GBR,United Kingdom,8.50
2001,GBR,United Kingdom,8.42
2002,GBR,United Kingdom,8.47
2003,GBR,United Kingdom,8.46
2004,GBR,United Kingdom,8.37
2005,GBR,United Kingdom,8.35
2006,GBR,United Kingdom,8.31
2007,GBR,United Kingdom,8.25
2008,GBR,United Kingdom,8.13
2009,GBR,United Kingdom,8.02
2010,GBR,United Kingdom,8.05
2011,GBR,United Kingdom,8.04
2012,GBR,United Kingdom,8.10
2013,GBR,United Kingdom,8.01
2014,GBR,United Kingdom,8.07
2015,GBR,United Kingdom,8.16
2016,GBR,United Kingdom,8.15
2017,GBR,United Kingdom,8.16
2018,GBR,United Kingdom,8.08
1970,USA,United States,7.92
1975,USA,United States,8.15
1980,USA,United States,8.19
1985,USA,United States,8.38
1990,USA,United States,8.49
1995,USA,United States,8.56
2000,USA,United States,8.60
2001,USA,United States,8.47
2002,USA,United States,8.54
2003,USA,United States,8.54
2004,USA,United States,8.53
2005,USA,United States,8.49
2006,USA,United States,8.49
2007,USA,United States,8.53
2008,USA,United States,8.34
2009,USA,United States,8.03
2010,USA,United States,8.12
2011,USA,United States,8.07
2012,USA,United States,8.15
2013,USA,United States,8.07
2014,USA,United States,8.16
2015,USA,United States,8.27
2016,USA,United States,8.32
2017,USA,United States,8.34
2018,USA,United States,8.22
1970,URY,Uruguay,5.19
1975,URY,Uruguay,4.83
1980,URY,Uruguay,5.34
1985,URY,Uruguay,5.70
1990,URY,Uruguay,6.08
1995,URY,Uruguay,6.18
2000,URY,Uruguay,7.13
2001,URY,Uruguay,7.11
2002,URY,Uruguay,7.26
2003,URY,Uruguay,7.06
2004,URY,Uruguay,7.19
2005,URY,Uruguay,7.19
2006,URY,Uruguay,7.11
2007,URY,Uruguay,7.14
2008,URY,Uruguay,7.18
2009,URY,Uruguay,7.23
2010,URY,Uruguay,7.42
2011,URY,Uruguay,7.45
2012,URY,Uruguay,7.44
2013,URY,Uruguay,7.34
2014,URY,Uruguay,7.23
2015,URY,Uruguay,7.26
2016,URY,Uruguay,7.26
2017,URY,Uruguay,7.23
2018,URY,Uruguay,7.25
1970,VEN,"Venezuela, RB",6.31
1975,VEN,"Venezuela, RB",5.79
1980,VEN,"Venezuela, RB",5.95
1985,VEN,"Venezuela, RB",5.42
1990,VEN,"Venezuela, RB",5.37
1995,VEN,"Venezuela, RB",4.51
2000,VEN,"Venezuela, RB",5.89
2001,VEN,"Venezuela, RB",6.18
2002,VEN,"Venezuela, RB",4.85
2003,VEN,"Venezuela, RB",4.41
2004,VEN,"Venezuela, RB",4.94
2005,VEN,"Venezuela, RB",4.83
2006,VEN,"Venezuela, RB",4.78
2007,VEN,"Venezuela, RB",4.42
2008,VEN,"Venezuela, RB",4.32
2009,VEN,"Venezuela, RB",4.22
2010,VEN,"Venezuela, RB",3.79
2011,VEN,"Venezuela, RB",3.76
2012,VEN,"Venezuela, RB",3.67
2013,VEN,"Venezuela, RB",3.16
2014,VEN,"Venezuela, RB",3.09
2015,VEN,"Venezuela, RB",2.84
2016,VEN,"Venezuela, RB",2.76
2017,VEN,"Venezuela, RB",2.72
2018,VEN,"Venezuela, RB",3.34
1970,VNM,Vietnam,
1975,VNM,Vietnam,
1980,VNM,Vietnam,
1985,VNM,Vietnam,
1990,VNM,Vietnam,
1995,VNM,Vietnam,
2000,VNM,Vietnam,5.56
2001,VNM,Vietnam,
2002,VNM,Vietnam,
2003,VNM,Vietnam,5.47
2004,VNM,Vietnam,5.82
2005,VNM,Vietnam,5.86
2006,VNM,Vietnam,5.96
2007,VNM,Vietnam,5.94
2008,VNM,Vietnam,5.84
2009,VNM,Vietnam,5.97
2010,VNM,Vietnam,5.96
2011,VNM,Vietnam,5.90
2012,VNM,Vietnam,5.92
2013,VNM,Vietnam,6.02
2014,VNM,Vietnam,6.03
2015,VNM,Vietnam,6.04
2016,VNM,Vietnam,6.16
2017,VNM,Vietnam,6.16
2018,VNM,Vietnam,6.20
1970,YEM,"Yemen, Rep.",
1975,YEM,"Yemen, Rep.",
1980,YEM,"Yemen, Rep.",
1985,YEM,"Yemen, Rep.",
1990,YEM,"Yemen, Rep.",
1995,YEM,"Yemen, Rep.",
2000,YEM,"Yemen, Rep.",
2001,YEM,"Yemen, Rep.",
2002,YEM,"Yemen, Rep.",
2003,YEM,"Yemen, Rep.",
2004,YEM,"Yemen, Rep.",
2005,YEM,"Yemen, Rep.",
2006,YEM,"Yemen, Rep.",
2007,YEM,"Yemen, Rep.",
2008,YEM,"Yemen, Rep.",
2009,YEM,"Yemen, Rep.",
2010,YEM,"Yemen, Rep.",6.43
2011,YEM,"Yemen, Rep.",6.36
2012,YEM,"Yemen, Rep.",6.49
2013,YEM,"Yemen, Rep.",6.47
2014,YEM,"Yemen, Rep.",6.66
2015,YEM,"Yemen, Rep.",6.29
2016,YEM,"Yemen, Rep.",6.40
2017,YEM,"Yemen, Rep.",6.11
2018,YEM,"Yemen, Rep.",5.51
1970,ZMB,Zambia,3.61
1975,ZMB,Zambia,3.59
1980,ZMB,Zambia,3.90
1985,ZMB,Zambia,3.56
1990,ZMB,Zambia,3.28
1995,ZMB,Zambia,4.60
2000,ZMB,Zambia,6.77
2001,ZMB,Zambia,6.78
2002,ZMB,Zambia,6.60
2003,ZMB,Zambia,6.82
2004,ZMB,Zambia,6.83
2005,ZMB,Zambia,6.84
2006,ZMB,Zambia,7.09
2007,ZMB,Zambia,7.11
2008,ZMB,Zambia,7.13
2009,ZMB,Zambia,7.21
2010,ZMB,Zambia,7.32
2011,ZMB,Zambia,7.34
2012,ZMB,Zambia,7.29
2013,ZMB,Zambia,7.21
2014,ZMB,Zambia,7.25
2015,ZMB,Zambia,7.04
2016,ZMB,Zambia,6.94
2017,ZMB,Zambia,7.20
2018,ZMB,Zambia,7.19
1970,ZWE,Zimbabwe,
1975,ZWE,Zimbabwe,
1980,ZWE,Zimbabwe,3.86
1985,ZWE,Zimbabwe,4.27
1990,ZWE,Zimbabwe,4.48
1995,ZWE,Zimbabwe,5.38
2000,ZWE,Zimbabwe,4.22
2001,ZWE,Zimbabwe,3.71
2002,ZWE,Zimbabwe,3.66
2003,ZWE,Zimbabwe,3.67
2004,ZWE,Zimbabwe,2.85
2005,ZWE,Zimbabwe,2.84
2006,ZWE,Zimbabwe,2.95
2007,ZWE,Zimbabwe,3.18
2008,ZWE,Zimbabwe,4.39
2009,ZWE,Zimbabwe,4.21
2010,ZWE,Zimbabwe,4.34
2011,ZWE,Zimbabwe,4.80
2012,ZWE,Zimbabwe,5.08
2013,ZWE,Zimbabwe,5.46
2014,ZWE,Zimbabwe,5.80
2015,ZWE,Zimbabwe,6.24
2016,ZWE,Zimbabwe,5.72
2017,ZWE,Zimbabwe,5.16
2018,ZWE,Zimbabwe,5.12
